corpus,drama,begin,end,Speaker.figure_surface,Speaker.figure_id,Token.surface,Token.pos,Token.lemma,length,Mentioned.figure_surface,Mentioned.figure_id
shakedracor,Jn,1055,1181,_Stage,_Stage,Enter,VB,enter,26360,,
shakedracor,Jn,1055,1181,_Stage,_Stage,King,NNP,king,26360,,
shakedracor,Jn,1055,1181,_Stage,_Stage,John,NNP,john,26360,,
shakedracor,Jn,1055,1181,_Stage,_Stage,",",",",",",26360,,
shakedracor,Jn,1055,1181,_Stage,_Stage,Queen,NNP,queen,26360,,
shakedracor,Jn,1055,1181,_Stage,_Stage,Eleanor,NNP,eleanor,26360,,
shakedracor,Jn,1055,1181,_Stage,_Stage,",",",",",",26360,,
shakedracor,Jn,1055,1181,_Stage,_Stage,Pembroke,NNP,pembroke,26360,,
shakedracor,Jn,1055,1181,_Stage,_Stage,",",",",",",26360,,
shakedracor,Jn,1055,1181,_Stage,_Stage,Essex,NNP,essex,26360,,
shakedracor,Jn,1055,1181,_Stage,_Stage,",",",",",",26360,,
shakedracor,Jn,1055,1181,_Stage,_Stage,and,CC,and,26360,,
shakedracor,Jn,1055,1181,_Stage,_Stage,Salisbury,NNP,salisbury,26360,,
shakedracor,Jn,1055,1181,_Stage,_Stage,",",",",",",26360,,
shakedracor,Jn,1055,1181,_Stage,_Stage,with,IN,with,26360,,
shakedracor,Jn,1055,1181,_Stage,_Stage,the,DT,the,26360,,
shakedracor,Jn,1055,1181,_Stage,_Stage,Chatillion,NNP,chatillion,26360,,
shakedracor,Jn,1055,1181,_Stage,_Stage,of,IN,of,26360,,
shakedracor,Jn,1055,1181,_Stage,_Stage,France,NNP,france,26360,,
shakedracor,Jn,1055,1181,_Stage,_Stage,.,.,.,26360,,
shakedracor,Jn,3116,3152,_Stage,_Stage,Chatillion,NNP,chatillion,26360,,
shakedracor,Jn,3116,3152,_Stage,_Stage,and,CC,and,26360,,
shakedracor,Jn,3116,3152,_Stage,_Stage,Pembroke,NNP,pembroke,26360,,
shakedracor,Jn,3116,3152,_Stage,_Stage,exit,NN,exit,26360,,
shakedracor,Jn,3116,3152,_Stage,_Stage,.,.,.,26360,,
shakedracor,Jn,3174,3202,Queen Eleanor,QueenEleanor_Jn,",",",",",",26360,,
shakedracor,Jn,3174,3202,Queen Eleanor,QueenEleanor_Jn,aside,RB,aside,26360,,
shakedracor,Jn,3174,3202,Queen Eleanor,QueenEleanor_Jn,to,TO,to,26360,,
shakedracor,Jn,3174,3202,Queen Eleanor,QueenEleanor_Jn,King,NNP,king,26360,,
shakedracor,Jn,3174,3202,Queen Eleanor,QueenEleanor_Jn,John,NNP,john,26360,,
shakedracor,Jn,3681,3713,John,KingJohn_Jn,",",",",",",26360,,
shakedracor,Jn,3681,3713,John,KingJohn_Jn,aside,RB,aside,26360,,
shakedracor,Jn,3681,3713,John,KingJohn_Jn,to,TO,to,26360,,
shakedracor,Jn,3681,3713,John,KingJohn_Jn,Queen,NNP,queen,26360,,
shakedracor,Jn,3681,3713,John,KingJohn_Jn,Eleanor,NNP,eleanor,26360,,
shakedracor,Jn,3799,3827,Queen Eleanor,QueenEleanor_Jn,",",",",",",26360,,
shakedracor,Jn,3799,3827,Queen Eleanor,QueenEleanor_Jn,aside,RB,aside,26360,,
shakedracor,Jn,3799,3827,Queen Eleanor,QueenEleanor_Jn,to,TO,to,26360,,
shakedracor,Jn,3799,3827,Queen Eleanor,QueenEleanor_Jn,King,NNP,king,26360,,
shakedracor,Jn,3799,3827,Queen Eleanor,QueenEleanor_Jn,John,NNP,john,26360,,
shakedracor,Jn,4094,4155,_Stage,_Stage,Enter,VB,enter,26360,,
shakedracor,Jn,4094,4155,_Stage,_Stage,a,DT,a,26360,,
shakedracor,Jn,4094,4155,_Stage,_Stage,Sheriff,NNP,sheriff,26360,,
shakedracor,Jn,4094,4155,_Stage,_Stage,",",",",",",26360,,
shakedracor,Jn,4094,4155,_Stage,_Stage,who,WP,who,26360,,
shakedracor,Jn,4094,4155,_Stage,_Stage,speaks,VBZ,speak,26360,,
shakedracor,Jn,4094,4155,_Stage,_Stage,aside,RB,aside,26360,,
shakedracor,Jn,4094,4155,_Stage,_Stage,to,TO,to,26360,,
shakedracor,Jn,4094,4155,_Stage,_Stage,Essex,NNP,essex,26360,,
shakedracor,Jn,4094,4155,_Stage,_Stage,.,.,.,26360,,
shakedracor,Jn,4094,4115,_Stage,_Stage,Enter,VB,enter,26360,,
shakedracor,Jn,4094,4115,_Stage,_Stage,a,DT,a,26360,,
shakedracor,Jn,4094,4115,_Stage,_Stage,Sheriff,NNP,sheriff,26360,,
shakedracor,Jn,4094,4115,_Stage,_Stage,",",",",",",26360,,
shakedracor,Jn,4120,4155,_Stage,_Stage,who,WP,who,26360,,
shakedracor,Jn,4120,4155,_Stage,_Stage,speaks,VBZ,speak,26360,,
shakedracor,Jn,4120,4155,_Stage,_Stage,aside,RB,aside,26360,,
shakedracor,Jn,4120,4155,_Stage,_Stage,to,TO,to,26360,,
shakedracor,Jn,4120,4155,_Stage,_Stage,Essex,NNP,essex,26360,,
shakedracor,Jn,4120,4155,_Stage,_Stage,.,.,.,26360,,
shakedracor,Jn,4398,4415,John,KingJohn_Jn,Sheriff,NN,sheriff,26360,,
shakedracor,Jn,4398,4415,John,KingJohn_Jn,exits,NNS,exit,26360,,
shakedracor,Jn,4398,4415,John,KingJohn_Jn,.,.,.,26360,,
shakedracor,Jn,4505,4568,John,KingJohn_Jn,Enter,VB,enter,26360,,
shakedracor,Jn,4505,4568,John,KingJohn_Jn,Robert,NNP,robert,26360,,
shakedracor,Jn,4505,4568,John,KingJohn_Jn,Faulconbridge,NNP,faulconbridge,26360,,
shakedracor,Jn,4505,4568,John,KingJohn_Jn,and,CC,and,26360,,
shakedracor,Jn,4505,4568,John,KingJohn_Jn,Philip,NNP,philip,26360,,
shakedracor,Jn,4505,4568,John,KingJohn_Jn,Faulconbridge,NNP,faulconbridge,26360,,
shakedracor,Jn,4505,4568,John,KingJohn_Jn,.,.,.,26360,,
shakedracor,Jn,4916,4947,John,KingJohn_Jn,",",",",",",26360,,
shakedracor,Jn,4916,4947,John,KingJohn_Jn,to,TO,to,26360,,
shakedracor,Jn,4916,4947,John,KingJohn_Jn,Robert,NNP,robert,26360,,
shakedracor,Jn,4916,4947,John,KingJohn_Jn,Faulconbridge,NNP,faulconbridge,26360,,
shakedracor,Jn,6992,7020,Queen Eleanor,QueenEleanor_Jn,",",",",",",26360,,
shakedracor,Jn,6992,7020,Queen Eleanor,QueenEleanor_Jn,aside,RB,aside,26360,,
shakedracor,Jn,6992,7020,Queen Eleanor,QueenEleanor_Jn,to,TO,to,26360,,
shakedracor,Jn,6992,7020,Queen Eleanor,QueenEleanor_Jn,King,NNP,king,26360,,
shakedracor,Jn,6992,7020,Queen Eleanor,QueenEleanor_Jn,John,NNP,john,26360,,
shakedracor,Jn,7268,7300,John,KingJohn_Jn,",",",",",",26360,,
shakedracor,Jn,7268,7300,John,KingJohn_Jn,aside,RB,aside,26360,,
shakedracor,Jn,7268,7300,John,KingJohn_Jn,to,TO,to,26360,,
shakedracor,Jn,7268,7300,John,KingJohn_Jn,Queen,NNP,queen,26360,,
shakedracor,Jn,7268,7300,John,KingJohn_Jn,Eleanor,NNP,eleanor,26360,,
shakedracor,Jn,7402,7429,John,KingJohn_Jn,To,TO,to,26360,,
shakedracor,Jn,7402,7429,John,KingJohn_Jn,Robert,NNP,robert,26360,,
shakedracor,Jn,7402,7429,John,KingJohn_Jn,Faulconbridge,NNP,faulconbridge,26360,,
shakedracor,Jn,12278,12396,John,KingJohn_Jn,Philip,NNP,philip,26360,,
shakedracor,Jn,12278,12396,John,KingJohn_Jn,kneels,VBZ,kneel,26360,,
shakedracor,Jn,12278,12396,John,KingJohn_Jn,.,.,.,26360,,
shakedracor,Jn,12278,12396,John,KingJohn_Jn,King,NNP,king,26360,,
shakedracor,Jn,12278,12396,John,KingJohn_Jn,John,NNP,john,26360,,
shakedracor,Jn,12278,12396,John,KingJohn_Jn,dubs,VBZ,dub,26360,,
shakedracor,Jn,12278,12396,John,KingJohn_Jn,him,PRP,him,26360,,
shakedracor,Jn,12278,12396,John,KingJohn_Jn,a,DT,a,26360,,
shakedracor,Jn,12278,12396,John,KingJohn_Jn,knight,NN,knight,26360,,
shakedracor,Jn,12278,12396,John,KingJohn_Jn,",",",",",",26360,,
shakedracor,Jn,12278,12396,John,KingJohn_Jn,tapping,VBG,tap,26360,,
shakedracor,Jn,12278,12396,John,KingJohn_Jn,him,PRP,him,26360,,
shakedracor,Jn,12278,12396,John,KingJohn_Jn,on,IN,on,26360,,
shakedracor,Jn,12278,12396,John,KingJohn_Jn,the,DT,the,26360,,
shakedracor,Jn,12278,12396,John,KingJohn_Jn,shoulder,NN,shoulder,26360,,
shakedracor,Jn,12278,12396,John,KingJohn_Jn,with,IN,with,26360,,
shakedracor,Jn,12278,12396,John,KingJohn_Jn,his,PRP$,his,26360,,
shakedracor,Jn,12278,12396,John,KingJohn_Jn,sword,NN,sword,26360,,
shakedracor,Jn,12278,12396,John,KingJohn_Jn,.,.,.,26360,,
shakedracor,Jn,12459,12504,Bastard Philip Faulconbridge,Bastard_Jn,",",",",",",26360,,
shakedracor,Jn,12459,12504,Bastard Philip Faulconbridge,Bastard_Jn,rising,VBG,rise,26360,,
shakedracor,Jn,12459,12504,Bastard Philip Faulconbridge,Bastard_Jn,",",",",",",26360,,
shakedracor,Jn,12459,12504,Bastard Philip Faulconbridge,Bastard_Jn,to,TO,to,26360,,
shakedracor,Jn,12459,12504,Bastard Philip Faulconbridge,Bastard_Jn,Robert,NNP,robert,26360,,
shakedracor,Jn,12459,12504,Bastard Philip Faulconbridge,Bastard_Jn,Faulconbridge,NNP,faulconbridge,26360,,
shakedracor,Jn,12464,12470,Bastard Philip Faulconbridge,Bastard_Jn,rising,VBG,rise,26360,,
shakedracor,Jn,12477,12504,Bastard Philip Faulconbridge,Bastard_Jn,to,TO,to,26360,,
shakedracor,Jn,12477,12504,Bastard Philip Faulconbridge,Bastard_Jn,Robert,NNP,robert,26360,,
shakedracor,Jn,12477,12504,Bastard Philip Faulconbridge,Bastard_Jn,Faulconbridge,NNP,faulconbridge,26360,,
shakedracor,Jn,13354,13385,John,KingJohn_Jn,",",",",",",26360,,
shakedracor,Jn,13354,13385,John,KingJohn_Jn,to,TO,to,26360,,
shakedracor,Jn,13354,13385,John,KingJohn_Jn,Robert,NNP,robert,26360,,
shakedracor,Jn,13354,13385,John,KingJohn_Jn,Faulconbridge,NNP,faulconbridge,26360,,
shakedracor,Jn,13793,13821,Bastard Philip Faulconbridge,Bastard_Jn,All,DT,all,26360,,
shakedracor,Jn,13793,13821,Bastard Philip Faulconbridge,Bastard_Jn,but,CC,but,26360,,
shakedracor,Jn,13793,13821,Bastard Philip Faulconbridge,Bastard_Jn,Bastard,NNP,bastard,26360,,
shakedracor,Jn,13793,13821,Bastard Philip Faulconbridge,Bastard_Jn,exit,NN,exit,26360,,
shakedracor,Jn,13793,13821,Bastard Philip Faulconbridge,Bastard_Jn,.,.,.,26360,,
shakedracor,Jn,15861,15914,Bastard Philip Faulconbridge,Bastard_Jn,Enter,VB,enter,26360,,
shakedracor,Jn,15861,15914,Bastard Philip Faulconbridge,Bastard_Jn,Lady,NNP,lady,26360,,
shakedracor,Jn,15861,15914,Bastard Philip Faulconbridge,Bastard_Jn,Faulconbridge,NNP,faulconbridge,26360,,
shakedracor,Jn,15861,15914,Bastard Philip Faulconbridge,Bastard_Jn,and,CC,and,26360,,
shakedracor,Jn,15861,15914,Bastard Philip Faulconbridge,Bastard_Jn,James,NNP,james,26360,,
shakedracor,Jn,15861,15914,Bastard Philip Faulconbridge,Bastard_Jn,Gurney,NNP,gurney,26360,,
shakedracor,Jn,15861,15914,Bastard Philip Faulconbridge,Bastard_Jn,.,.,.,26360,,
shakedracor,Jn,17054,17078,Bastard Philip Faulconbridge,Bastard_Jn,James,NNP,james,26360,,
shakedracor,Jn,17054,17078,Bastard Philip Faulconbridge,Bastard_Jn,Gurney,NNP,gurney,26360,,
shakedracor,Jn,17054,17078,Bastard Philip Faulconbridge,Bastard_Jn,exits,NNS,exit,26360,,
shakedracor,Jn,17054,17078,Bastard Philip Faulconbridge,Bastard_Jn,.,.,.,26360,,
shakedracor,Jn,19936,19949,_Stage,_Stage,They,PRP,they,26360,,
shakedracor,Jn,19936,19949,_Stage,_Stage,exit,VBP,exit,26360,,
shakedracor,Jn,19936,19949,_Stage,_Stage,.,.,.,26360,,
shakedracor,Jn,19982,20238,_Stage,_Stage,Enter,VB,enter,26360,,
shakedracor,Jn,19982,20238,_Stage,_Stage,",",",",",",26360,,
shakedracor,Jn,19982,20238,_Stage,_Stage,before,IN,before,26360,,
shakedracor,Jn,19982,20238,_Stage,_Stage,Angiers,NNP,angier,26360,,
shakedracor,Jn,19982,20238,_Stage,_Stage,",",",",",",26360,,
shakedracor,Jn,19982,20238,_Stage,_Stage,at,IN,at,26360,,
shakedracor,Jn,19982,20238,_Stage,_Stage,one,CD,one,26360,,
shakedracor,Jn,19982,20238,_Stage,_Stage,side,NN,side,26360,,
shakedracor,Jn,19982,20238,_Stage,_Stage,",",",",",",26360,,
shakedracor,Jn,19982,20238,_Stage,_Stage,with,IN,with,26360,,
shakedracor,Jn,19982,20238,_Stage,_Stage,Forces,NNP,force,26360,,
shakedracor,Jn,19982,20238,_Stage,_Stage,",",",",",",26360,,
shakedracor,Jn,19982,20238,_Stage,_Stage,Philip,NNP,philip,26360,,
shakedracor,Jn,19982,20238,_Stage,_Stage,King,NNP,king,26360,,
shakedracor,Jn,19982,20238,_Stage,_Stage,of,IN,of,26360,,
shakedracor,Jn,19982,20238,_Stage,_Stage,France,NNP,france,26360,,
shakedracor,Jn,19982,20238,_Stage,_Stage,",",",",",",26360,,
shakedracor,Jn,19982,20238,_Stage,_Stage,Louis,NNP,louis,26360,,
shakedracor,Jn,19982,20238,_Stage,_Stage,the,DT,the,26360,,
shakedracor,Jn,19982,20238,_Stage,_Stage,Dauphin,NNP,dauphin,26360,,
shakedracor,Jn,19982,20238,_Stage,_Stage,",",",",",",26360,,
shakedracor,Jn,19982,20238,_Stage,_Stage,Constance,NNP,constance,26360,,
shakedracor,Jn,19982,20238,_Stage,_Stage,",",",",",",26360,,
shakedracor,Jn,19982,20238,_Stage,_Stage,Arthur,NNP,arthur,26360,,
shakedracor,Jn,19982,20238,_Stage,_Stage,",",",",",",26360,,
shakedracor,Jn,19982,20238,_Stage,_Stage,and,CC,and,26360,,
shakedracor,Jn,19982,20238,_Stage,_Stage,Attendants,NNS,attendant,26360,,
shakedracor,Jn,19982,20238,_Stage,_Stage,;,:,;,26360,,
shakedracor,Jn,19982,20238,_Stage,_Stage,at,IN,at,26360,,
shakedracor,Jn,19982,20238,_Stage,_Stage,the,DT,the,26360,,
shakedracor,Jn,19982,20238,_Stage,_Stage,other,JJ,other,26360,,
shakedracor,Jn,19982,20238,_Stage,_Stage,side,NN,side,26360,,
shakedracor,Jn,19982,20238,_Stage,_Stage,",",",",",",26360,,
shakedracor,Jn,19982,20238,_Stage,_Stage,with,IN,with,26360,,
shakedracor,Jn,19982,20238,_Stage,_Stage,Forces,NNP,force,26360,,
shakedracor,Jn,19982,20238,_Stage,_Stage,",",",",",",26360,,
shakedracor,Jn,19982,20238,_Stage,_Stage,Austria,NNP,austria,26360,,
shakedracor,Jn,19982,20238,_Stage,_Stage,",",",",",",26360,,
shakedracor,Jn,19982,20238,_Stage,_Stage,wearing,VBG,wear,26360,,
shakedracor,Jn,19982,20238,_Stage,_Stage,a,DT,a,26360,,
shakedracor,Jn,19982,20238,_Stage,_Stage,lion,NN,lion,26360,,
shakedracor,Jn,19982,20238,_Stage,_Stage,’,CD,’,26360,,
shakedracor,Jn,19982,20238,_Stage,_Stage,s,NN,s,26360,,
shakedracor,Jn,19982,20238,_Stage,_Stage,skin,NN,skin,26360,,
shakedracor,Jn,19982,20238,_Stage,_Stage,.,.,.,26360,,
shakedracor,Jn,21340,21355,Duke of Austria Limoges,Austria_Jn,",",",",",",26360,,
shakedracor,Jn,21340,21355,Duke of Austria Limoges,Austria_Jn,to,TO,to,26360,,
shakedracor,Jn,21340,21355,Duke of Austria Limoges,Austria_Jn,Arthur,NNP,arthur,26360,,
shakedracor,Jn,23318,23338,_Stage,_Stage,Enter,VB,enter,26360,,
shakedracor,Jn,23318,23338,_Stage,_Stage,Chatillion,NNP,chatillion,26360,,
shakedracor,Jn,23318,23338,_Stage,_Stage,.,.,.,26360,,
shakedracor,Jn,24935,24949,Chatillion,Chatillion_Jn,Drum,VB,drum,26360,,
shakedracor,Jn,24935,24949,Chatillion,Chatillion_Jn,beats,NNS,beat,26360,,
shakedracor,Jn,24935,24949,Chatillion,Chatillion_Jn,.,.,.,26360,,
shakedracor,Jn,24935,24949,Chatillion,Chatillion_Jn,Drum,VB,drum,26360,,
shakedracor,Jn,24935,24949,Chatillion,Chatillion_Jn,beats,NNS,beat,26360,,
shakedracor,Jn,24935,24949,Chatillion,Chatillion_Jn,.,.,.,26360,,
shakedracor,Jn,25434,25558,_Stage,_Stage,Enter,VB,enter,26360,,
shakedracor,Jn,25434,25558,_Stage,_Stage,King,NNP,king,26360,,
shakedracor,Jn,25434,25558,_Stage,_Stage,John,NNP,john,26360,,
shakedracor,Jn,25434,25558,_Stage,_Stage,of,IN,of,26360,,
shakedracor,Jn,25434,25558,_Stage,_Stage,England,NNP,england,26360,,
shakedracor,Jn,25434,25558,_Stage,_Stage,",",",",",",26360,,
shakedracor,Jn,25434,25558,_Stage,_Stage,Bastard,NNP,bastard,26360,,
shakedracor,Jn,25434,25558,_Stage,_Stage,",",",",",",26360,,
shakedracor,Jn,25434,25558,_Stage,_Stage,Queen,NNP,queen,26360,,
shakedracor,Jn,25434,25558,_Stage,_Stage,Eleanor,NNP,eleanor,26360,,
shakedracor,Jn,25434,25558,_Stage,_Stage,",",",",",",26360,,
shakedracor,Jn,25434,25558,_Stage,_Stage,Blanche,NNP,blanche,26360,,
shakedracor,Jn,25434,25558,_Stage,_Stage,",",",",",",26360,,
shakedracor,Jn,25434,25558,_Stage,_Stage,Salisbury,NNP,salisbury,26360,,
shakedracor,Jn,25434,25558,_Stage,_Stage,",",",",",",26360,,
shakedracor,Jn,25434,25558,_Stage,_Stage,Pembroke,NNP,pembroke,26360,,
shakedracor,Jn,25434,25558,_Stage,_Stage,",",",",",",26360,,
shakedracor,Jn,25434,25558,_Stage,_Stage,and,CC,and,26360,,
shakedracor,Jn,25434,25558,_Stage,_Stage,others,NNS,others,26360,,
shakedracor,Jn,25434,25558,_Stage,_Stage,.,.,.,26360,,
shakedracor,Jn,26576,26603,King Philip II,KingPhilip_Jn,He,PRP,he,26360,,
shakedracor,Jn,26576,26603,King Philip II,KingPhilip_Jn,points,VBZ,point,26360,,
shakedracor,Jn,26576,26603,King Philip II,KingPhilip_Jn,to,TO,to,26360,,
shakedracor,Jn,26576,26603,King Philip II,KingPhilip_Jn,Arthur,NNP,arthur,26360,,
shakedracor,Jn,26576,26603,King Philip II,KingPhilip_Jn,.,.,.,26360,,
shakedracor,Jn,28710,28725,Queen Eleanor,QueenEleanor_Jn,",",",",",",26360,,
shakedracor,Jn,28710,28725,Queen Eleanor,QueenEleanor_Jn,to,TO,to,26360,,
shakedracor,Jn,28710,28725,Queen Eleanor,QueenEleanor_Jn,Arthur,NNP,arthur,26360,,
shakedracor,Jn,30931,30942,Arthur,Arthur_Jn,",",",",",",26360,,
shakedracor,Jn,30931,30942,Arthur,Arthur_Jn,weeping,VBG,weep,26360,,
shakedracor,Jn,33356,33374,_Stage,_Stage,Trumpet,NN,trumpet,26360,,
shakedracor,Jn,33356,33374,_Stage,_Stage,sounds,NNS,sound,26360,,
shakedracor,Jn,33356,33374,_Stage,_Stage,.,.,.,26360,,
shakedracor,Jn,33356,33374,_Stage,_Stage,Trumpet,NN,trumpet,26360,,
shakedracor,Jn,33356,33374,_Stage,_Stage,sounds,NNS,sound,26360,,
shakedracor,Jn,33356,33374,_Stage,_Stage,.,.,.,26360,,
shakedracor,Jn,33378,33417,_Stage,_Stage,Enter,VB,enter,26360,,
shakedracor,Jn,33378,33417,_Stage,_Stage,Citizens,NNP,citizen,26360,,
shakedracor,Jn,33378,33417,_Stage,_Stage,upon,IN,upon,26360,,
shakedracor,Jn,33378,33417,_Stage,_Stage,the,DT,the,26360,,
shakedracor,Jn,33378,33417,_Stage,_Stage,walls,NNS,wall,26360,,
shakedracor,Jn,33378,33417,_Stage,_Stage,.,.,.,26360,,
shakedracor,Jn,35631,35670,King Philip II,KingPhilip_Jn,He,PRP,he,26360,,
shakedracor,Jn,35631,35670,King Philip II,KingPhilip_Jn,takes,VBZ,take,26360,,
shakedracor,Jn,35631,35670,King Philip II,KingPhilip_Jn,Arthur,NNP,arthur,26360,,
shakedracor,Jn,35631,35670,King Philip II,KingPhilip_Jn,by,IN,by,26360,,
shakedracor,Jn,35631,35670,King Philip II,KingPhilip_Jn,the,DT,the,26360,,
shakedracor,Jn,35631,35670,King Philip II,KingPhilip_Jn,hand,NN,hand,26360,,
shakedracor,Jn,35631,35670,King Philip II,KingPhilip_Jn,.,.,.,26360,,
shakedracor,Jn,39097,39111,Bastard Philip Faulconbridge,Bastard_Jn,To,TO,to,26360,,
shakedracor,Jn,39097,39111,Bastard Philip Faulconbridge,Bastard_Jn,Austria,NNP,austria,26360,,
shakedracor,Jn,39097,39111,Bastard Philip Faulconbridge,Bastard_Jn,.,.,.,26360,,
shakedracor,Jn,39441,39464,John,KingJohn_Jn,",",",",",",26360,,
shakedracor,Jn,39441,39464,John,KingJohn_Jn,to,TO,to,26360,,
shakedracor,Jn,39441,39464,John,KingJohn_Jn,his,PRP$,his,26360,,
shakedracor,Jn,39441,39464,John,KingJohn_Jn,officers,NNS,officer,26360,,
shakedracor,Jn,39683,39706,King Philip II,KingPhilip_Jn,",",",",",",26360,,
shakedracor,Jn,39683,39706,King Philip II,KingPhilip_Jn,to,TO,to,26360,,
shakedracor,Jn,39683,39706,King Philip II,KingPhilip_Jn,his,PRP$,his,26360,,
shakedracor,Jn,39683,39706,King Philip II,KingPhilip_Jn,officers,NNS,officer,26360,,
shakedracor,Jn,39836,39881,_Stage,_Stage,They,PRP,they,26360,,
shakedracor,Jn,39836,39881,_Stage,_Stage,exit,VBP,exit,26360,,
shakedracor,Jn,39836,39881,_Stage,_Stage,.,.,.,26360,,
shakedracor,Jn,39836,39881,_Stage,_Stage,Citizens,NNS,citizen,26360,,
shakedracor,Jn,39836,39881,_Stage,_Stage,remain,VBP,remain,26360,,
shakedracor,Jn,39836,39881,_Stage,_Stage,",",",",",",26360,,
shakedracor,Jn,39836,39881,_Stage,_Stage,above,RB,above,26360,,
shakedracor,Jn,39836,39881,_Stage,_Stage,.,.,.,26360,,
shakedracor,Jn,39885,39996,_Stage,_Stage,Here,RB,here,26360,,
shakedracor,Jn,39885,39996,_Stage,_Stage,",",",",",",26360,,
shakedracor,Jn,39885,39996,_Stage,_Stage,after,IN,after,26360,,
shakedracor,Jn,39885,39996,_Stage,_Stage,excursions,NNS,excursion,26360,,
shakedracor,Jn,39885,39996,_Stage,_Stage,",",",",",",26360,,
shakedracor,Jn,39885,39996,_Stage,_Stage,enter,VB,enter,26360,,
shakedracor,Jn,39885,39996,_Stage,_Stage,the,DT,the,26360,,
shakedracor,Jn,39885,39996,_Stage,_Stage,Herald,NNP,herald,26360,,
shakedracor,Jn,39885,39996,_Stage,_Stage,of,IN,of,26360,,
shakedracor,Jn,39885,39996,_Stage,_Stage,France,NNP,france,26360,,
shakedracor,Jn,39885,39996,_Stage,_Stage,",",",",",",26360,,
shakedracor,Jn,39885,39996,_Stage,_Stage,with,IN,with,26360,,
shakedracor,Jn,39885,39996,_Stage,_Stage,Trumpets,NNPS,trumpet,26360,,
shakedracor,Jn,39885,39996,_Stage,_Stage,",",",",",",26360,,
shakedracor,Jn,39885,39996,_Stage,_Stage,to,TO,to,26360,,
shakedracor,Jn,39885,39996,_Stage,_Stage,the,DT,the,26360,,
shakedracor,Jn,39885,39996,_Stage,_Stage,gates,NNS,gates,26360,,
shakedracor,Jn,39885,39996,_Stage,_Stage,.,.,.,26360,,
shakedracor,Jn,39885,39914,_Stage,_Stage,Here,RB,here,26360,,
shakedracor,Jn,39885,39914,_Stage,_Stage,",",",",",",26360,,
shakedracor,Jn,39885,39914,_Stage,_Stage,after,IN,after,26360,,
shakedracor,Jn,39885,39914,_Stage,_Stage,excursions,NNS,excursion,26360,,
shakedracor,Jn,39885,39914,_Stage,_Stage,",",",",",",26360,,
shakedracor,Jn,39919,39996,_Stage,_Stage,enter,VB,enter,26360,,
shakedracor,Jn,39919,39996,_Stage,_Stage,the,DT,the,26360,,
shakedracor,Jn,39919,39996,_Stage,_Stage,Herald,NNP,herald,26360,,
shakedracor,Jn,39919,39996,_Stage,_Stage,of,IN,of,26360,,
shakedracor,Jn,39919,39996,_Stage,_Stage,France,NNP,france,26360,,
shakedracor,Jn,39919,39996,_Stage,_Stage,",",",",",",26360,,
shakedracor,Jn,39919,39996,_Stage,_Stage,with,IN,with,26360,,
shakedracor,Jn,39919,39996,_Stage,_Stage,Trumpets,NNPS,trumpet,26360,,
shakedracor,Jn,39919,39996,_Stage,_Stage,",",",",",",26360,,
shakedracor,Jn,39919,39996,_Stage,_Stage,to,TO,to,26360,,
shakedracor,Jn,39919,39996,_Stage,_Stage,the,DT,the,26360,,
shakedracor,Jn,39919,39996,_Stage,_Stage,gates,NNS,gates,26360,,
shakedracor,Jn,39919,39996,_Stage,_Stage,.,.,.,26360,,
shakedracor,Jn,40724,40769,_Stage,_Stage,Enter,VB,enter,26360,,
shakedracor,Jn,40724,40769,_Stage,_Stage,English,NNP,english,26360,,
shakedracor,Jn,40724,40769,_Stage,_Stage,Herald,NNP,herald,26360,,
shakedracor,Jn,40724,40769,_Stage,_Stage,",",",",",",26360,,
shakedracor,Jn,40724,40769,_Stage,_Stage,with,IN,with,26360,,
shakedracor,Jn,40724,40769,_Stage,_Stage,Trumpet,NN,trumpet,26360,,
shakedracor,Jn,40724,40769,_Stage,_Stage,.,.,.,26360,,
shakedracor,Jn,42187,42389,_Stage,_Stage,Enter,VB,enter,26360,,
shakedracor,Jn,42187,42389,_Stage,_Stage,the,DT,the,26360,,
shakedracor,Jn,42187,42389,_Stage,_Stage,two,CD,two,26360,,
shakedracor,Jn,42187,42389,_Stage,_Stage,Kings,NNS,king,26360,,
shakedracor,Jn,42187,42389,_Stage,_Stage,with,IN,with,26360,,
shakedracor,Jn,42187,42389,_Stage,_Stage,their,PRP$,their,26360,,
shakedracor,Jn,42187,42389,_Stage,_Stage,Powers,NNP,power,26360,,
shakedracor,Jn,42187,42389,_Stage,_Stage,(,-LRB-,-lrb-,26360,,
shakedracor,Jn,42187,42389,_Stage,_Stage,including,VBG,include,26360,,
shakedracor,Jn,42187,42389,_Stage,_Stage,the,DT,the,26360,,
shakedracor,Jn,42187,42389,_Stage,_Stage,Bastard,NNP,bastard,26360,,
shakedracor,Jn,42187,42389,_Stage,_Stage,",",",",",",26360,,
shakedracor,Jn,42187,42389,_Stage,_Stage,Queen,NNP,queen,26360,,
shakedracor,Jn,42187,42389,_Stage,_Stage,Eleanor,NNP,eleanor,26360,,
shakedracor,Jn,42187,42389,_Stage,_Stage,",",",",",",26360,,
shakedracor,Jn,42187,42389,_Stage,_Stage,Blanche,NNP,blanche,26360,,
shakedracor,Jn,42187,42389,_Stage,_Stage,",",",",",",26360,,
shakedracor,Jn,42187,42389,_Stage,_Stage,and,CC,and,26360,,
shakedracor,Jn,42187,42389,_Stage,_Stage,Salisbury,NNP,salisbury,26360,,
shakedracor,Jn,42187,42389,_Stage,_Stage,;,:,;,26360,,
shakedracor,Jn,42187,42389,_Stage,_Stage,Austria,NNP,austria,26360,,
shakedracor,Jn,42187,42389,_Stage,_Stage,",",",",",",26360,,
shakedracor,Jn,42187,42389,_Stage,_Stage,and,CC,and,26360,,
shakedracor,Jn,42187,42389,_Stage,_Stage,Louis,NNP,louis,26360,,
shakedracor,Jn,42187,42389,_Stage,_Stage,the,DT,the,26360,,
shakedracor,Jn,42187,42389,_Stage,_Stage,Dauphin,NNP,dauphin,26360,,
shakedracor,Jn,42187,42389,_Stage,_Stage,),-RRB-,-rrb-,26360,,
shakedracor,Jn,42187,42389,_Stage,_Stage,",",",",",",26360,,
shakedracor,Jn,42187,42389,_Stage,_Stage,at,IN,at,26360,,
shakedracor,Jn,42187,42389,_Stage,_Stage,several,JJ,several,26360,,
shakedracor,Jn,42187,42389,_Stage,_Stage,doors,NNS,door,26360,,
shakedracor,Jn,42187,42389,_Stage,_Stage,.,.,.,26360,,
shakedracor,Jn,43433,43442,Bastard Philip Faulconbridge,Bastard_Jn,",",",",",",26360,,
shakedracor,Jn,43433,43442,Bastard Philip Faulconbridge,Bastard_Jn,aside,RB,aside,26360,,
shakedracor,Jn,46668,46690,Bastard Philip Faulconbridge,Bastard_Jn,",",",",",",26360,,
shakedracor,Jn,46668,46690,Bastard Philip Faulconbridge,Bastard_Jn,to,TO,to,26360,,
shakedracor,Jn,46668,46690,Bastard Philip Faulconbridge,Bastard_Jn,King,NNP,king,26360,,
shakedracor,Jn,46668,46690,Bastard Philip Faulconbridge,Bastard_Jn,Philip,NNP,philip,26360,,
shakedracor,Jn,47496,47505,Bastard Philip Faulconbridge,Bastard_Jn,",",",",",",26360,,
shakedracor,Jn,47496,47505,Bastard Philip Faulconbridge,Bastard_Jn,aside,RB,aside,26360,,
shakedracor,Jn,50182,50255,_Stage,_Stage,King,NNP,king,26360,,
shakedracor,Jn,50182,50255,_Stage,_Stage,Philip,NNP,philip,26360,,
shakedracor,Jn,50182,50255,_Stage,_Stage,and,CC,and,26360,,
shakedracor,Jn,50182,50255,_Stage,_Stage,Louis,NNP,louis,26360,,
shakedracor,Jn,50182,50255,_Stage,_Stage,the,DT,the,26360,,
shakedracor,Jn,50182,50255,_Stage,_Stage,Dauphin,NNP,dauphin,26360,,
shakedracor,Jn,50182,50255,_Stage,_Stage,walk,NN,walk,26360,,
shakedracor,Jn,50182,50255,_Stage,_Stage,aside,RB,aside,26360,,
shakedracor,Jn,50182,50255,_Stage,_Stage,and,CC,and,26360,,
shakedracor,Jn,50182,50255,_Stage,_Stage,talk,NN,talk,26360,,
shakedracor,Jn,50182,50255,_Stage,_Stage,.,.,.,26360,,
shakedracor,Jn,50269,50278,Bastard Philip Faulconbridge,Bastard_Jn,",",",",",",26360,,
shakedracor,Jn,50269,50278,Bastard Philip Faulconbridge,Bastard_Jn,aside,RB,aside,26360,,
shakedracor,Jn,51061,51089,Queen Eleanor,QueenEleanor_Jn,",",",",",",26360,,
shakedracor,Jn,51061,51089,Queen Eleanor,QueenEleanor_Jn,aside,RB,aside,26360,,
shakedracor,Jn,51061,51089,Queen Eleanor,QueenEleanor_Jn,to,TO,to,26360,,
shakedracor,Jn,51061,51089,Queen Eleanor,QueenEleanor_Jn,King,NNP,king,26360,,
shakedracor,Jn,51061,51089,Queen Eleanor,QueenEleanor_Jn,John,NNP,john,26360,,
shakedracor,Jn,53277,53309,_Stage,_Stage,He,PRP,he,26360,,
shakedracor,Jn,53277,53309,_Stage,_Stage,whispers,VBZ,whisper,26360,,
shakedracor,Jn,53277,53309,_Stage,_Stage,with,IN,with,26360,,
shakedracor,Jn,53277,53309,_Stage,_Stage,Blanche,NNP,blanche,26360,,
shakedracor,Jn,53277,53309,_Stage,_Stage,.,.,.,26360,,
shakedracor,Jn,53323,53332,Bastard Philip Faulconbridge,Bastard_Jn,",",",",",",26360,,
shakedracor,Jn,53323,53332,Bastard Philip Faulconbridge,Bastard_Jn,aside,RB,aside,26360,,
shakedracor,Jn,53722,53746,Blanche,Blanche_Jn,",",",",",",26360,,
shakedracor,Jn,53722,53746,Blanche,Blanche_Jn,aside,RB,aside,26360,,
shakedracor,Jn,53722,53746,Blanche,Blanche_Jn,to,TO,to,26360,,
shakedracor,Jn,53722,53746,Blanche,Blanche_Jn,Dauphin,NNP,dauphin,26360,,
shakedracor,Jn,55476,55529,_Stage,_Stage,Dauphin,NNP,dauphin,26360,,
shakedracor,Jn,55476,55529,_Stage,_Stage,and,CC,and,26360,,
shakedracor,Jn,55476,55529,_Stage,_Stage,Blanche,NNP,blanche,26360,,
shakedracor,Jn,55476,55529,_Stage,_Stage,join,VBP,join,26360,,
shakedracor,Jn,55476,55529,_Stage,_Stage,hands,NNS,hands,26360,,
shakedracor,Jn,55476,55529,_Stage,_Stage,and,CC,and,26360,,
shakedracor,Jn,55476,55529,_Stage,_Stage,kiss,NN,kiss,26360,,
shakedracor,Jn,55476,55529,_Stage,_Stage,.,.,.,26360,,
shakedracor,Jn,56787,56806,John,KingJohn_Jn,Salisbury,NNP,salisbury,26360,,
shakedracor,Jn,56787,56806,John,KingJohn_Jn,exits,NNS,exit,26360,,
shakedracor,Jn,56787,56806,John,KingJohn_Jn,.,.,.,26360,,
shakedracor,Jn,57109,57143,_Stage,_Stage,All,DT,all,26360,,
shakedracor,Jn,57109,57143,_Stage,_Stage,but,CC,but,26360,,
shakedracor,Jn,57109,57143,_Stage,_Stage,the,DT,the,26360,,
shakedracor,Jn,57109,57143,_Stage,_Stage,Bastard,NNP,bastard,26360,,
shakedracor,Jn,57109,57143,_Stage,_Stage,exit,NN,exit,26360,,
shakedracor,Jn,57109,57143,_Stage,_Stage,.,.,.,26360,,
shakedracor,Jn,59412,59424,_Stage,_Stage,He,PRP,he,26360,,
shakedracor,Jn,59412,59424,_Stage,_Stage,exits,NNS,exit,26360,,
shakedracor,Jn,59412,59424,_Stage,_Stage,.,.,.,26360,,
shakedracor,Jn,59457,59507,_Stage,_Stage,Enter,VB,enter,26360,,
shakedracor,Jn,59457,59507,_Stage,_Stage,Constance,NNP,constance,26360,,
shakedracor,Jn,59457,59507,_Stage,_Stage,",",",",",",26360,,
shakedracor,Jn,59457,59507,_Stage,_Stage,Arthur,NNP,arthur,26360,,
shakedracor,Jn,59457,59507,_Stage,_Stage,",",",",",",26360,,
shakedracor,Jn,59457,59507,_Stage,_Stage,and,CC,and,26360,,
shakedracor,Jn,59457,59507,_Stage,_Stage,Salisbury,NNP,salisbury,26360,,
shakedracor,Jn,59457,59507,_Stage,_Stage,.,.,.,26360,,
shakedracor,Jn,59523,59541,Constance,Constance_Jn,",",",",",",26360,,
shakedracor,Jn,59523,59541,Constance,Constance_Jn,to,TO,to,26360,,
shakedracor,Jn,59523,59541,Constance,Constance_Jn,Salisbury,NNP,salisbury,26360,,
shakedracor,Jn,63985,64004,Constance,Constance_Jn,She,PRP,she,26360,,
shakedracor,Jn,63985,64004,Constance,Constance_Jn,sits,VBZ,sit,26360,,
shakedracor,Jn,63985,64004,Constance,Constance_Jn,down,RP,down,26360,,
shakedracor,Jn,63985,64004,Constance,Constance_Jn,.,.,.,26360,,
shakedracor,Jn,64327,64507,_Stage,_Stage,Enter,VB,enter,26360,,
shakedracor,Jn,64327,64507,_Stage,_Stage,King,NNP,king,26360,,
shakedracor,Jn,64327,64507,_Stage,_Stage,John,NNP,john,26360,,
shakedracor,Jn,64327,64507,_Stage,_Stage,",",",",",",26360,,
shakedracor,Jn,64327,64507,_Stage,_Stage,hand,NN,hand,26360,,
shakedracor,Jn,64327,64507,_Stage,_Stage,in,IN,in,26360,,
shakedracor,Jn,64327,64507,_Stage,_Stage,hand,NN,hand,26360,,
shakedracor,Jn,64327,64507,_Stage,_Stage,with,IN,with,26360,,
shakedracor,Jn,64327,64507,_Stage,_Stage,King,NNP,king,26360,,
shakedracor,Jn,64327,64507,_Stage,_Stage,Philip,NNP,philip,26360,,
shakedracor,Jn,64327,64507,_Stage,_Stage,of,IN,of,26360,,
shakedracor,Jn,64327,64507,_Stage,_Stage,France,NNP,france,26360,,
shakedracor,Jn,64327,64507,_Stage,_Stage,",",",",",",26360,,
shakedracor,Jn,64327,64507,_Stage,_Stage,Louis,NNP,louis,26360,,
shakedracor,Jn,64327,64507,_Stage,_Stage,the,DT,the,26360,,
shakedracor,Jn,64327,64507,_Stage,_Stage,Dauphin,NNP,dauphin,26360,,
shakedracor,Jn,64327,64507,_Stage,_Stage,",",",",",",26360,,
shakedracor,Jn,64327,64507,_Stage,_Stage,Blanche,NNP,blanche,26360,,
shakedracor,Jn,64327,64507,_Stage,_Stage,",",",",",",26360,,
shakedracor,Jn,64327,64507,_Stage,_Stage,Queen,NNP,queen,26360,,
shakedracor,Jn,64327,64507,_Stage,_Stage,Eleanor,NNP,eleanor,26360,,
shakedracor,Jn,64327,64507,_Stage,_Stage,",",",",",",26360,,
shakedracor,Jn,64327,64507,_Stage,_Stage,Bastard,NNP,bastard,26360,,
shakedracor,Jn,64327,64507,_Stage,_Stage,",",",",",",26360,,
shakedracor,Jn,64327,64507,_Stage,_Stage,Austria,NNP,austria,26360,,
shakedracor,Jn,64327,64507,_Stage,_Stage,",",",",",",26360,,
shakedracor,Jn,64327,64507,_Stage,_Stage,and,CC,and,26360,,
shakedracor,Jn,64327,64507,_Stage,_Stage,Attendants,NNS,attendant,26360,,
shakedracor,Jn,64327,64507,_Stage,_Stage,.,.,.,26360,,
shakedracor,Jn,64527,64543,King Philip II,KingPhilip_Jn,",",",",",",26360,,
shakedracor,Jn,64527,64543,King Philip II,KingPhilip_Jn,to,TO,to,26360,,
shakedracor,Jn,64527,64543,King Philip II,KingPhilip_Jn,Blanche,NNP,blanche,26360,,
shakedracor,Jn,65031,65041,Constance,Constance_Jn,",",",",",",26360,,
shakedracor,Jn,65031,65041,Constance,Constance_Jn,rising,VBG,rise,26360,,
shakedracor,Jn,68429,68447,_Stage,_Stage,Enter,VB,enter,26360,,
shakedracor,Jn,68429,68447,_Stage,_Stage,Pandulph,NNP,pandulph,26360,,
shakedracor,Jn,68429,68447,_Stage,_Stage,.,.,.,26360,,
shakedracor,Jn,73295,73317,Constance,Constance_Jn,",",",",",",26360,,
shakedracor,Jn,73295,73317,Constance,Constance_Jn,to,TO,to,26360,,
shakedracor,Jn,73295,73317,Constance,Constance_Jn,King,NNP,king,26360,,
shakedracor,Jn,73295,73317,Constance,Constance_Jn,Philip,NNP,philip,26360,,
shakedracor,Jn,73785,73807,Constance,Constance_Jn,",",",",",",26360,,
shakedracor,Jn,73785,73807,Constance,Constance_Jn,to,TO,to,26360,,
shakedracor,Jn,73785,73807,Constance,Constance_Jn,King,NNP,king,26360,,
shakedracor,Jn,73785,73807,Constance,Constance_Jn,Philip,NNP,philip,26360,,
shakedracor,Jn,79285,79299,Blanche,Blanche_Jn,She,PRP,she,26360,,
shakedracor,Jn,79285,79299,Blanche,Blanche_Jn,kneels,VBZ,kneel,26360,,
shakedracor,Jn,79285,79299,Blanche,Blanche_Jn,.,.,.,26360,,
shakedracor,Jn,79601,79613,Constance,Constance_Jn,",",",",",",26360,,
shakedracor,Jn,79601,79613,Constance,Constance_Jn,kneeling,VBG,kneel,26360,,
shakedracor,Jn,79809,79825,Blanche,Blanche_Jn,",",",",",",26360,,
shakedracor,Jn,79809,79825,Blanche,Blanche_Jn,to,TO,to,26360,,
shakedracor,Jn,79809,79825,Blanche,Blanche_Jn,Dauphin,NNP,dauphin,26360,,
shakedracor,Jn,80112,80134,Louis the Dauphin,Dauphin_Jn,",",",",",",26360,,
shakedracor,Jn,80112,80134,Louis the Dauphin,Dauphin_Jn,to,TO,to,26360,,
shakedracor,Jn,80112,80134,Louis the Dauphin,Dauphin_Jn,King,NNP,king,26360,,
shakedracor,Jn,80112,80134,Louis the Dauphin,Dauphin_Jn,Philip,NNP,philip,26360,,
shakedracor,Jn,80346,80381,King Philip II,KingPhilip_Jn,",",",",",",26360,,
shakedracor,Jn,80346,80381,King Philip II,KingPhilip_Jn,dropping,VBG,drop,26360,,
shakedracor,Jn,80346,80381,King Philip II,KingPhilip_Jn,King,NNP,king,26360,,
shakedracor,Jn,80346,80381,King Philip II,KingPhilip_Jn,John,NNP,john,26360,,
shakedracor,Jn,80346,80381,King Philip II,KingPhilip_Jn,’,NNP,’,26360,,
shakedracor,Jn,80346,80381,King Philip II,KingPhilip_Jn,s,NN,s,26360,,
shakedracor,Jn,80346,80381,King Philip II,KingPhilip_Jn,hand,NN,hand,26360,,
shakedracor,Jn,80476,80486,Constance,Constance_Jn,",",",",",",26360,,
shakedracor,Jn,80476,80486,Constance,Constance_Jn,rising,VBG,rise,26360,,
shakedracor,Jn,80871,80881,Blanche,Blanche_Jn,",",",",",",26360,,
shakedracor,Jn,80871,80881,Blanche,Blanche_Jn,rising,VBG,rise,26360,,
shakedracor,Jn,81740,81756,John,KingJohn_Jn,",",",",",",26360,,
shakedracor,Jn,81740,81756,John,KingJohn_Jn,to,TO,to,26360,,
shakedracor,Jn,81740,81756,John,KingJohn_Jn,Bastard,NNP,bastard,26360,,
shakedracor,Jn,81814,81831,John,KingJohn_Jn,Bastard,NNP,bastard,26360,,
shakedracor,Jn,81814,81831,John,KingJohn_Jn,exits,NNS,exit,26360,,
shakedracor,Jn,81814,81831,John,KingJohn_Jn,.,.,.,26360,,
shakedracor,Jn,82383,82396,_Stage,_Stage,They,PRP,they,26360,,
shakedracor,Jn,82383,82396,_Stage,_Stage,exit,VBP,exit,26360,,
shakedracor,Jn,82383,82396,_Stage,_Stage,.,.,.,26360,,
shakedracor,Jn,82417,82488,_Stage,_Stage,Alarums,NNS,alarums,26360,,
shakedracor,Jn,82417,82488,_Stage,_Stage,",",",",",",26360,,
shakedracor,Jn,82417,82488,_Stage,_Stage,excursions,NNS,excursion,26360,,
shakedracor,Jn,82417,82488,_Stage,_Stage,.,.,.,26360,,
shakedracor,Jn,82417,82488,_Stage,_Stage,Enter,VB,enter,26360,,
shakedracor,Jn,82417,82488,_Stage,_Stage,Bastard,NNP,bastard,26360,,
shakedracor,Jn,82417,82488,_Stage,_Stage,with,IN,with,26360,,
shakedracor,Jn,82417,82488,_Stage,_Stage,Austria,NNP,austria,26360,,
shakedracor,Jn,82417,82488,_Stage,_Stage,’,CD,’,26360,,
shakedracor,Jn,82417,82488,_Stage,_Stage,s,NN,s,26360,,
shakedracor,Jn,82417,82488,_Stage,_Stage,head,NN,head,26360,,
shakedracor,Jn,82417,82488,_Stage,_Stage,.,.,.,26360,,
shakedracor,Jn,82417,82442,_Stage,_Stage,Alarums,NNS,alarums,26360,,
shakedracor,Jn,82417,82442,_Stage,_Stage,",",",",",",26360,,
shakedracor,Jn,82417,82442,_Stage,_Stage,excursions,NNS,excursion,26360,,
shakedracor,Jn,82417,82442,_Stage,_Stage,.,.,.,26360,,
shakedracor,Jn,82417,82426,_Stage,_Stage,Alarums,NNS,alarums,26360,,
shakedracor,Jn,82417,82426,_Stage,_Stage,",",",",",",26360,,
shakedracor,Jn,82445,82488,_Stage,_Stage,Enter,VB,enter,26360,,
shakedracor,Jn,82445,82488,_Stage,_Stage,Bastard,NNP,bastard,26360,,
shakedracor,Jn,82445,82488,_Stage,_Stage,with,IN,with,26360,,
shakedracor,Jn,82445,82488,_Stage,_Stage,Austria,NNP,austria,26360,,
shakedracor,Jn,82445,82488,_Stage,_Stage,’,CD,’,26360,,
shakedracor,Jn,82445,82488,_Stage,_Stage,s,NN,s,26360,,
shakedracor,Jn,82445,82488,_Stage,_Stage,head,NN,head,26360,,
shakedracor,Jn,82445,82488,_Stage,_Stage,.,.,.,26360,,
shakedracor,Jn,82723,82766,_Stage,_Stage,Enter,VB,enter,26360,,
shakedracor,Jn,82723,82766,_Stage,_Stage,King,NNP,king,26360,,
shakedracor,Jn,82723,82766,_Stage,_Stage,John,NNP,john,26360,,
shakedracor,Jn,82723,82766,_Stage,_Stage,",",",",",",26360,,
shakedracor,Jn,82723,82766,_Stage,_Stage,Arthur,NNP,arthur,26360,,
shakedracor,Jn,82723,82766,_Stage,_Stage,",",",",",",26360,,
shakedracor,Jn,82723,82766,_Stage,_Stage,Hubert,NNP,hubert,26360,,
shakedracor,Jn,82723,82766,_Stage,_Stage,.,.,.,26360,,
shakedracor,Jn,83150,83163,_Stage,_Stage,They,PRP,they,26360,,
shakedracor,Jn,83150,83163,_Stage,_Stage,exit,VBP,exit,26360,,
shakedracor,Jn,83150,83163,_Stage,_Stage,.,.,.,26360,,
shakedracor,Jn,83184,83309,_Stage,_Stage,Alarums,NNS,alarum,26360,,
shakedracor,Jn,83184,83309,_Stage,_Stage,",",",",",",26360,,
shakedracor,Jn,83184,83309,_Stage,_Stage,excursions,NNS,excursion,26360,,
shakedracor,Jn,83184,83309,_Stage,_Stage,",",",",",",26360,,
shakedracor,Jn,83184,83309,_Stage,_Stage,retreat,NN,retreat,26360,,
shakedracor,Jn,83184,83309,_Stage,_Stage,.,.,.,26360,,
shakedracor,Jn,83184,83309,_Stage,_Stage,Enter,VB,enter,26360,,
shakedracor,Jn,83184,83309,_Stage,_Stage,King,NNP,king,26360,,
shakedracor,Jn,83184,83309,_Stage,_Stage,John,NNP,john,26360,,
shakedracor,Jn,83184,83309,_Stage,_Stage,",",",",",",26360,,
shakedracor,Jn,83184,83309,_Stage,_Stage,Queen,NNP,queen,26360,,
shakedracor,Jn,83184,83309,_Stage,_Stage,Eleanor,NNP,eleanor,26360,,
shakedracor,Jn,83184,83309,_Stage,_Stage,",",",",",",26360,,
shakedracor,Jn,83184,83309,_Stage,_Stage,Arthur,NNP,arthur,26360,,
shakedracor,Jn,83184,83309,_Stage,_Stage,",",",",",",26360,,
shakedracor,Jn,83184,83309,_Stage,_Stage,Bastard,NNP,bastard,26360,,
shakedracor,Jn,83184,83309,_Stage,_Stage,",",",",",",26360,,
shakedracor,Jn,83184,83309,_Stage,_Stage,Hubert,NNP,hubert,26360,,
shakedracor,Jn,83184,83309,_Stage,_Stage,",",",",",",26360,,
shakedracor,Jn,83184,83309,_Stage,_Stage,Lords,NNPS,lord,26360,,
shakedracor,Jn,83184,83309,_Stage,_Stage,.,.,.,26360,,
shakedracor,Jn,83184,83222,_Stage,_Stage,Alarums,NNS,alarum,26360,,
shakedracor,Jn,83184,83222,_Stage,_Stage,",",",",",",26360,,
shakedracor,Jn,83184,83222,_Stage,_Stage,excursions,NNS,excursion,26360,,
shakedracor,Jn,83184,83222,_Stage,_Stage,",",",",",",26360,,
shakedracor,Jn,83184,83222,_Stage,_Stage,retreat,NN,retreat,26360,,
shakedracor,Jn,83184,83222,_Stage,_Stage,.,.,.,26360,,
shakedracor,Jn,83184,83191,_Stage,_Stage,Alarums,NNS,alarum,26360,,
shakedracor,Jn,83213,83222,_Stage,_Stage,retreat,NN,retreat,26360,,
shakedracor,Jn,83213,83222,_Stage,_Stage,.,.,.,26360,,
shakedracor,Jn,83226,83309,_Stage,_Stage,Enter,VB,enter,26360,,
shakedracor,Jn,83226,83309,_Stage,_Stage,King,NNP,king,26360,,
shakedracor,Jn,83226,83309,_Stage,_Stage,John,NNP,john,26360,,
shakedracor,Jn,83226,83309,_Stage,_Stage,",",",",",",26360,,
shakedracor,Jn,83226,83309,_Stage,_Stage,Queen,NNP,queen,26360,,
shakedracor,Jn,83226,83309,_Stage,_Stage,Eleanor,NNP,eleanor,26360,,
shakedracor,Jn,83226,83309,_Stage,_Stage,",",",",",",26360,,
shakedracor,Jn,83226,83309,_Stage,_Stage,Arthur,NNP,arthur,26360,,
shakedracor,Jn,83226,83309,_Stage,_Stage,",",",",",",26360,,
shakedracor,Jn,83226,83309,_Stage,_Stage,Bastard,NNP,bastard,26360,,
shakedracor,Jn,83226,83309,_Stage,_Stage,",",",",",",26360,,
shakedracor,Jn,83226,83309,_Stage,_Stage,Hubert,NNP,hubert,26360,,
shakedracor,Jn,83226,83309,_Stage,_Stage,",",",",",",26360,,
shakedracor,Jn,83226,83309,_Stage,_Stage,Lords,NNPS,lord,26360,,
shakedracor,Jn,83226,83309,_Stage,_Stage,.,.,.,26360,,
shakedracor,Jn,83328,83352,John,KingJohn_Jn,",",",",",",26360,,
shakedracor,Jn,83328,83352,John,KingJohn_Jn,to,TO,to,26360,,
shakedracor,Jn,83328,83352,John,KingJohn_Jn,Queen,NNP,queen,26360,,
shakedracor,Jn,83328,83352,John,KingJohn_Jn,Eleanor,NNP,eleanor,26360,,
shakedracor,Jn,83449,83462,John,KingJohn_Jn,To,TO,to,26360,,
shakedracor,Jn,83449,83462,John,KingJohn_Jn,Arthur,NNP,arthur,26360,,
shakedracor,Jn,83449,83462,John,KingJohn_Jn,.,.,.,26360,,
shakedracor,Jn,83712,83728,John,KingJohn_Jn,",",",",",",26360,,
shakedracor,Jn,83712,83728,John,KingJohn_Jn,to,TO,to,26360,,
shakedracor,Jn,83712,83728,John,KingJohn_Jn,Bastard,NNP,bastard,26360,,
shakedracor,Jn,84481,84498,_Stage,_Stage,Bastard,NNP,bastard,26360,,
shakedracor,Jn,84481,84498,_Stage,_Stage,exits,NNS,exit,26360,,
shakedracor,Jn,84481,84498,_Stage,_Stage,.,.,.,26360,,
shakedracor,Jn,84520,84535,Queen Eleanor,QueenEleanor_Jn,",",",",",",26360,,
shakedracor,Jn,84520,84535,Queen Eleanor,QueenEleanor_Jn,to,TO,to,26360,,
shakedracor,Jn,84520,84535,Queen Eleanor,QueenEleanor_Jn,Arthur,NNP,arthur,26360,,
shakedracor,Jn,84602,84623,_Stage,_Stage,They,PRP,they,26360,,
shakedracor,Jn,84602,84623,_Stage,_Stage,walk,VBP,walk,26360,,
shakedracor,Jn,84602,84623,_Stage,_Stage,aside,RB,aside,26360,,
shakedracor,Jn,84602,84623,_Stage,_Stage,.,.,.,26360,,
shakedracor,Jn,84671,84700,John,KingJohn_Jn,He,PRP,he,26360,,
shakedracor,Jn,84671,84700,John,KingJohn_Jn,takes,VBZ,take,26360,,
shakedracor,Jn,84671,84700,John,KingJohn_Jn,Hubert,NNP,hubert,26360,,
shakedracor,Jn,84671,84700,John,KingJohn_Jn,aside,RB,aside,26360,,
shakedracor,Jn,84671,84700,John,KingJohn_Jn,.,.,.,26360,,
shakedracor,Jn,87941,87976,John,KingJohn_Jn,He,PRP,he,26360,,
shakedracor,Jn,87941,87976,John,KingJohn_Jn,turns,VBZ,turn,26360,,
shakedracor,Jn,87941,87976,John,KingJohn_Jn,to,TO,to,26360,,
shakedracor,Jn,87941,87976,John,KingJohn_Jn,Queen,NNP,queen,26360,,
shakedracor,Jn,87941,87976,John,KingJohn_Jn,Eleanor,NNP,eleanor,26360,,
shakedracor,Jn,87941,87976,John,KingJohn_Jn,.,.,.,26360,,
shakedracor,Jn,88152,88167,John,KingJohn_Jn,",",",",",",26360,,
shakedracor,Jn,88152,88167,John,KingJohn_Jn,to,TO,to,26360,,
shakedracor,Jn,88152,88167,John,KingJohn_Jn,Arthur,NNP,arthur,26360,,
shakedracor,Jn,88329,88342,_Stage,_Stage,They,PRP,they,26360,,
shakedracor,Jn,88329,88342,_Stage,_Stage,exit,VBP,exit,26360,,
shakedracor,Jn,88329,88342,_Stage,_Stage,.,.,.,26360,,
shakedracor,Jn,88361,88448,_Stage,_Stage,Enter,VB,enter,26360,,
shakedracor,Jn,88361,88448,_Stage,_Stage,King,NNP,king,26360,,
shakedracor,Jn,88361,88448,_Stage,_Stage,Philip,NNP,philip,26360,,
shakedracor,Jn,88361,88448,_Stage,_Stage,of,IN,of,26360,,
shakedracor,Jn,88361,88448,_Stage,_Stage,France,NNP,france,26360,,
shakedracor,Jn,88361,88448,_Stage,_Stage,",",",",",",26360,,
shakedracor,Jn,88361,88448,_Stage,_Stage,Louis,NNP,louis,26360,,
shakedracor,Jn,88361,88448,_Stage,_Stage,the,DT,the,26360,,
shakedracor,Jn,88361,88448,_Stage,_Stage,Dauphin,NNP,dauphin,26360,,
shakedracor,Jn,88361,88448,_Stage,_Stage,",",",",",",26360,,
shakedracor,Jn,88361,88448,_Stage,_Stage,Pandulph,NNP,pandulph,26360,,
shakedracor,Jn,88361,88448,_Stage,_Stage,",",",",",",26360,,
shakedracor,Jn,88361,88448,_Stage,_Stage,Attendants,NNPS,attendant,26360,,
shakedracor,Jn,88361,88448,_Stage,_Stage,.,.,.,26360,,
shakedracor,Jn,89484,89535,King Philip II,KingPhilip_Jn,Enter,VB,enter,26360,,
shakedracor,Jn,89484,89535,King Philip II,KingPhilip_Jn,Constance,NNP,constance,26360,,
shakedracor,Jn,89484,89535,King Philip II,KingPhilip_Jn,",",",",",",26360,,
shakedracor,Jn,89484,89535,King Philip II,KingPhilip_Jn,with,IN,with,26360,,
shakedracor,Jn,89484,89535,King Philip II,KingPhilip_Jn,her,PRP$,her,26360,,
shakedracor,Jn,89484,89535,King Philip II,KingPhilip_Jn,hair,NN,hair,26360,,
shakedracor,Jn,89484,89535,King Philip II,KingPhilip_Jn,unbound,JJ,unbound,26360,,
shakedracor,Jn,89484,89535,King Philip II,KingPhilip_Jn,.,.,.,26360,,
shakedracor,Jn,93224,93255,Constance,Constance_Jn,She,PRP,she,26360,,
shakedracor,Jn,93224,93255,Constance,Constance_Jn,binds,VBZ,bind,26360,,
shakedracor,Jn,93224,93255,Constance,Constance_Jn,up,RP,up,26360,,
shakedracor,Jn,93224,93255,Constance,Constance_Jn,her,PRP$,her,26360,,
shakedracor,Jn,93224,93255,Constance,Constance_Jn,hair,NN,hair,26360,,
shakedracor,Jn,93224,93255,Constance,Constance_Jn,.,.,.,26360,,
shakedracor,Jn,94865,94893,Constance,Constance_Jn,She,PRP,she,26360,,
shakedracor,Jn,94865,94893,Constance,Constance_Jn,unbinds,VBZ,unbind,26360,,
shakedracor,Jn,94865,94893,Constance,Constance_Jn,her,PRP$,her,26360,,
shakedracor,Jn,94865,94893,Constance,Constance_Jn,hair,NN,hair,26360,,
shakedracor,Jn,94865,94893,Constance,Constance_Jn,.,.,.,26360,,
shakedracor,Jn,95198,95211,_Stage,_Stage,She,NN,she,26360,,
shakedracor,Jn,95198,95211,_Stage,_Stage,exits,NNS,exit,26360,,
shakedracor,Jn,95198,95211,_Stage,_Stage,.,.,.,26360,,
shakedracor,Jn,95294,95328,_Stage,_Stage,He,PRP,he,26360,,
shakedracor,Jn,95294,95328,_Stage,_Stage,exits,NNS,exit,26360,,
shakedracor,Jn,95294,95328,_Stage,_Stage,",",",",",",26360,,
shakedracor,Jn,95294,95328,_Stage,_Stage,with,IN,with,26360,,
shakedracor,Jn,95294,95328,_Stage,_Stage,Attendants,NNS,attendant,26360,,
shakedracor,Jn,95294,95328,_Stage,_Stage,.,.,.,26360,,
shakedracor,Jn,100278,100291,_Stage,_Stage,They,PRP,they,26360,,
shakedracor,Jn,100278,100291,_Stage,_Stage,exit,VBP,exit,26360,,
shakedracor,Jn,100278,100291,_Stage,_Stage,.,.,.,26360,,
shakedracor,Jn,100324,100391,_Stage,_Stage,Enter,VB,enter,26360,,
shakedracor,Jn,100324,100391,_Stage,_Stage,Hubert,NNP,hubert,26360,,
shakedracor,Jn,100324,100391,_Stage,_Stage,and,CC,and,26360,,
shakedracor,Jn,100324,100391,_Stage,_Stage,Executioners,NNP,executioner,26360,,
shakedracor,Jn,100324,100391,_Stage,_Stage,",",",",",",26360,,
shakedracor,Jn,100324,100391,_Stage,_Stage,with,IN,with,26360,,
shakedracor,Jn,100324,100391,_Stage,_Stage,irons,NNS,irons,26360,,
shakedracor,Jn,100324,100391,_Stage,_Stage,and,CC,and,26360,,
shakedracor,Jn,100324,100391,_Stage,_Stage,rope,NN,rope,26360,,
shakedracor,Jn,100324,100391,_Stage,_Stage,.,.,.,26360,,
shakedracor,Jn,100882,100903,Hubert,Hubert_Jn,Executioners,NNS,executioner,26360,,
shakedracor,Jn,100882,100903,Hubert,Hubert_Jn,exit,VBP,exit,26360,,
shakedracor,Jn,100882,100903,Hubert,Hubert_Jn,.,.,.,26360,,
shakedracor,Jn,100979,100995,_Stage,_Stage,Enter,VB,enter,26360,,
shakedracor,Jn,100979,100995,_Stage,_Stage,Arthur,NNP,arthur,26360,,
shakedracor,Jn,100979,100995,_Stage,_Stage,.,.,.,26360,,
shakedracor,Jn,102043,102052,Hubert,Hubert_Jn,",",",",",",26360,,
shakedracor,Jn,102043,102052,Hubert,Hubert_Jn,aside,RB,aside,26360,,
shakedracor,Jn,102515,102524,Hubert,Hubert_Jn,",",",",",",26360,,
shakedracor,Jn,102515,102524,Hubert,Hubert_Jn,aside,RB,aside,26360,,
shakedracor,Jn,102587,102620,Hubert,Hubert_Jn,He,PRP,he,26360,,
shakedracor,Jn,102587,102620,Hubert,Hubert_Jn,shows,VBZ,show,26360,,
shakedracor,Jn,102587,102620,Hubert,Hubert_Jn,Arthur,NNP,arthur,26360,,
shakedracor,Jn,102587,102620,Hubert,Hubert_Jn,a,DT,a,26360,,
shakedracor,Jn,102587,102620,Hubert,Hubert_Jn,paper,NN,paper,26360,,
shakedracor,Jn,102587,102620,Hubert,Hubert_Jn,.,.,.,26360,,
shakedracor,Jn,102659,102670,Hubert,Hubert_Jn,(,-LRB-,-lrb-,26360,,
shakedracor,Jn,102659,102670,Hubert,Hubert_Jn,Aside,RB,aside,26360,,
shakedracor,Jn,102659,102670,Hubert,Hubert_Jn,.,.,.,26360,,
shakedracor,Jn,102659,102670,Hubert,Hubert_Jn,),-RRB-,-rrb-,26360,,
shakedracor,Jn,105133,105166,Hubert,Hubert_Jn,stamps,NNS,stamp,26360,,
shakedracor,Jn,105133,105166,Hubert,Hubert_Jn,his,PRP$,his,26360,,
shakedracor,Jn,105133,105166,Hubert,Hubert_Jn,foot,NN,foot,26360,,
shakedracor,Jn,105133,105166,Hubert,Hubert_Jn,and,CC,and,26360,,
shakedracor,Jn,105133,105166,Hubert,Hubert_Jn,calls,NNS,call,26360,,
shakedracor,Jn,105188,105292,Hubert,Hubert_Jn,Enter,VB,enter,26360,,
shakedracor,Jn,105188,105292,Hubert,Hubert_Jn,Executioners,NNS,executioner,26360,,
shakedracor,Jn,105188,105292,Hubert,Hubert_Jn,with,IN,with,26360,,
shakedracor,Jn,105188,105292,Hubert,Hubert_Jn,ropes,NNS,rope,26360,,
shakedracor,Jn,105188,105292,Hubert,Hubert_Jn,",",",",",",26360,,
shakedracor,Jn,105188,105292,Hubert,Hubert_Jn,a,DT,a,26360,,
shakedracor,Jn,105188,105292,Hubert,Hubert_Jn,heated,JJ,heated,26360,,
shakedracor,Jn,105188,105292,Hubert,Hubert_Jn,iron,NN,iron,26360,,
shakedracor,Jn,105188,105292,Hubert,Hubert_Jn,",",",",",",26360,,
shakedracor,Jn,105188,105292,Hubert,Hubert_Jn,and,CC,and,26360,,
shakedracor,Jn,105188,105292,Hubert,Hubert_Jn,a,DT,a,26360,,
shakedracor,Jn,105188,105292,Hubert,Hubert_Jn,brazier,NN,brazier,26360,,
shakedracor,Jn,105188,105292,Hubert,Hubert_Jn,of,IN,of,26360,,
shakedracor,Jn,105188,105292,Hubert,Hubert_Jn,burning,NN,burn,26360,,
shakedracor,Jn,105188,105292,Hubert,Hubert_Jn,coals,NNS,coal,26360,,
shakedracor,Jn,105188,105292,Hubert,Hubert_Jn,.,.,.,26360,,
shakedracor,Jn,105562,105587,_Stage,_Stage,He,PRP,he,26360,,
shakedracor,Jn,105562,105587,_Stage,_Stage,takes,VBZ,take,26360,,
shakedracor,Jn,105562,105587,_Stage,_Stage,the,DT,the,26360,,
shakedracor,Jn,105562,105587,_Stage,_Stage,iron,NN,iron,26360,,
shakedracor,Jn,105562,105587,_Stage,_Stage,.,.,.,26360,,
shakedracor,Jn,106157,106178,Hubert,Hubert_Jn,",",",",",",26360,,
shakedracor,Jn,106157,106178,Hubert,Hubert_Jn,to,TO,to,26360,,
shakedracor,Jn,106157,106178,Hubert,Hubert_Jn,Executioners,NNS,executioner,26360,,
shakedracor,Jn,106323,106344,_Stage,_Stage,Executioners,NNS,executioner,26360,,
shakedracor,Jn,106323,106344,_Stage,_Stage,exit,VBP,exit,26360,,
shakedracor,Jn,106323,106344,_Stage,_Stage,.,.,.,26360,,
shakedracor,Jn,107537,107563,Arthur,Arthur_Jn,He,PRP,he,26360,,
shakedracor,Jn,107537,107563,Arthur,Arthur_Jn,seizes,VBZ,seize,26360,,
shakedracor,Jn,107537,107563,Arthur,Arthur_Jn,the,DT,the,26360,,
shakedracor,Jn,107537,107563,Arthur,Arthur_Jn,iron,NN,iron,26360,,
shakedracor,Jn,107537,107563,Arthur,Arthur_Jn,.,.,.,26360,,
shakedracor,Jn,107674,107704,Hubert,Hubert_Jn,",",",",",",26360,,
shakedracor,Jn,107674,107704,Hubert,Hubert_Jn,taking,VBG,take,26360,,
shakedracor,Jn,107674,107704,Hubert,Hubert_Jn,back,RP,back,26360,,
shakedracor,Jn,107674,107704,Hubert,Hubert_Jn,the,DT,the,26360,,
shakedracor,Jn,107674,107704,Hubert,Hubert_Jn,iron,NN,iron,26360,,
shakedracor,Jn,109663,109676,_Stage,_Stage,They,PRP,they,26360,,
shakedracor,Jn,109663,109676,_Stage,_Stage,exit,VBP,exit,26360,,
shakedracor,Jn,109663,109676,_Stage,_Stage,.,.,.,26360,,
shakedracor,Jn,109695,109808,_Stage,_Stage,Enter,VB,enter,26360,,
shakedracor,Jn,109695,109808,_Stage,_Stage,King,NNP,king,26360,,
shakedracor,Jn,109695,109808,_Stage,_Stage,John,NNP,john,26360,,
shakedracor,Jn,109695,109808,_Stage,_Stage,",",",",",",26360,,
shakedracor,Jn,109695,109808,_Stage,_Stage,Pembroke,NNP,pembroke,26360,,
shakedracor,Jn,109695,109808,_Stage,_Stage,",",",",",",26360,,
shakedracor,Jn,109695,109808,_Stage,_Stage,Salisbury,NNP,salisbury,26360,,
shakedracor,Jn,109695,109808,_Stage,_Stage,",",",",",",26360,,
shakedracor,Jn,109695,109808,_Stage,_Stage,and,CC,and,26360,,
shakedracor,Jn,109695,109808,_Stage,_Stage,other,JJ,other,26360,,
shakedracor,Jn,109695,109808,_Stage,_Stage,Lords,NNPS,lord,26360,,
shakedracor,Jn,109695,109808,_Stage,_Stage,.,.,.,26360,,
shakedracor,Jn,109695,109808,_Stage,_Stage,King,NNP,king,26360,,
shakedracor,Jn,109695,109808,_Stage,_Stage,John,NNP,john,26360,,
shakedracor,Jn,109695,109808,_Stage,_Stage,ascends,VBZ,ascend,26360,,
shakedracor,Jn,109695,109808,_Stage,_Stage,the,DT,the,26360,,
shakedracor,Jn,109695,109808,_Stage,_Stage,throne,NN,throne,26360,,
shakedracor,Jn,109695,109808,_Stage,_Stage,.,.,.,26360,,
shakedracor,Jn,114002,114018,John,KingJohn_Jn,Enter,VB,enter,26360,,
shakedracor,Jn,114002,114018,John,KingJohn_Jn,Hubert,NNP,hubert,26360,,
shakedracor,Jn,114002,114018,John,KingJohn_Jn,.,.,.,26360,,
shakedracor,Jn,114064,114107,_Stage,_Stage,King,NNP,king,26360,,
shakedracor,Jn,114064,114107,_Stage,_Stage,John,NNP,john,26360,,
shakedracor,Jn,114064,114107,_Stage,_Stage,and,CC,and,26360,,
shakedracor,Jn,114064,114107,_Stage,_Stage,Hubert,NNP,hubert,26360,,
shakedracor,Jn,114064,114107,_Stage,_Stage,talk,VBP,talk,26360,,
shakedracor,Jn,114064,114107,_Stage,_Stage,aside,RB,aside,26360,,
shakedracor,Jn,114064,114107,_Stage,_Stage,.,.,.,26360,,
shakedracor,Jn,114956,114992,John,KingJohn_Jn,",",",",",",26360,,
shakedracor,Jn,114956,114992,John,KingJohn_Jn,coming,VBG,come,26360,,
shakedracor,Jn,114956,114992,John,KingJohn_Jn,forward,RB,forward,26360,,
shakedracor,Jn,114956,114992,John,KingJohn_Jn,with,IN,with,26360,,
shakedracor,Jn,114956,114992,John,KingJohn_Jn,Hubert,NNP,hubert,26360,,
shakedracor,Jn,116391,116446,_Stage,_Stage,Pembroke,NNP,pembroke,26360,,
shakedracor,Jn,116391,116446,_Stage,_Stage,",",",",",",26360,,
shakedracor,Jn,116391,116446,_Stage,_Stage,Salisbury,NNP,salisbury,26360,,
shakedracor,Jn,116391,116446,_Stage,_Stage,",",",",",",26360,,
shakedracor,Jn,116391,116446,_Stage,_Stage,and,CC,and,26360,,
shakedracor,Jn,116391,116446,_Stage,_Stage,other,JJ,other,26360,,
shakedracor,Jn,116391,116446,_Stage,_Stage,Lords,NNPS,lord,26360,,
shakedracor,Jn,116391,116446,_Stage,_Stage,exit,NN,exit,26360,,
shakedracor,Jn,116391,116446,_Stage,_Stage,.,.,.,26360,,
shakedracor,Jn,116634,116653,John,KingJohn_Jn,Enter,VB,enter,26360,,
shakedracor,Jn,116634,116653,John,KingJohn_Jn,Messenger,NNP,messenger,26360,,
shakedracor,Jn,116634,116653,John,KingJohn_Jn,.,.,.,26360,,
shakedracor,Jn,117889,117898,John,KingJohn_Jn,",",",",",",26360,,
shakedracor,Jn,117889,117898,John,KingJohn_Jn,aside,RB,aside,26360,,
shakedracor,Jn,118402,118448,John,KingJohn_Jn,Enter,VB,enter,26360,,
shakedracor,Jn,118402,118448,John,KingJohn_Jn,Bastard,NNP,bastard,26360,,
shakedracor,Jn,118402,118448,John,KingJohn_Jn,and,CC,and,26360,,
shakedracor,Jn,118402,118448,John,KingJohn_Jn,Peter,NNP,peter,26360,,
shakedracor,Jn,118402,118448,John,KingJohn_Jn,of,IN,of,26360,,
shakedracor,Jn,118402,118448,John,KingJohn_Jn,Pomfret,NNP,pomfret,26360,,
shakedracor,Jn,118402,118448,John,KingJohn_Jn,.,.,.,26360,,
shakedracor,Jn,118451,118465,John,KingJohn_Jn,To,TO,to,26360,,
shakedracor,Jn,118451,118465,John,KingJohn_Jn,Bastard,NNP,bastard,26360,,
shakedracor,Jn,118451,118465,John,KingJohn_Jn,.,.,.,26360,,
shakedracor,Jn,119774,119788,John,KingJohn_Jn,",",",",",",26360,,
shakedracor,Jn,119774,119788,John,KingJohn_Jn,to,TO,to,26360,,
shakedracor,Jn,119774,119788,John,KingJohn_Jn,Peter,NNP,peter,26360,,
shakedracor,Jn,120207,120236,John,KingJohn_Jn,Hubert,NNP,hubert,26360,,
shakedracor,Jn,120207,120236,John,KingJohn_Jn,and,CC,and,26360,,
shakedracor,Jn,120207,120236,John,KingJohn_Jn,Peter,NNP,peter,26360,,
shakedracor,Jn,120207,120236,John,KingJohn_Jn,exit,NN,exit,26360,,
shakedracor,Jn,120207,120236,John,KingJohn_Jn,.,.,.,26360,,
shakedracor,Jn,121365,121377,_Stage,_Stage,He,PRP,he,26360,,
shakedracor,Jn,121365,121377,_Stage,_Stage,exits,NNS,exit,26360,,
shakedracor,Jn,121365,121377,_Stage,_Stage,.,.,.,26360,,
shakedracor,Jn,121451,121467,John,KingJohn_Jn,To,TO,to,26360,,
shakedracor,Jn,121451,121467,John,KingJohn_Jn,Messenger,NN,messenger,26360,,
shakedracor,Jn,121451,121467,John,KingJohn_Jn,.,.,.,26360,,
shakedracor,Jn,121673,121692,_Stage,_Stage,Messenger,NN,messenger,26360,,
shakedracor,Jn,121673,121692,_Stage,_Stage,exits,NNS,exit,26360,,
shakedracor,Jn,121673,121692,_Stage,_Stage,.,.,.,26360,,
shakedracor,Jn,121736,121752,_Stage,_Stage,Enter,VB,enter,26360,,
shakedracor,Jn,121736,121752,_Stage,_Stage,Hubert,NNP,hubert,26360,,
shakedracor,Jn,121736,121752,_Stage,_Stage,.,.,.,26360,,
shakedracor,Jn,123868,123891,Hubert,Hubert_Jn,",",",",",",26360,,
shakedracor,Jn,123868,123891,Hubert,Hubert_Jn,showing,VBG,show,26360,,
shakedracor,Jn,123868,123891,Hubert,Hubert_Jn,a,DT,a,26360,,
shakedracor,Jn,123868,123891,Hubert,Hubert_Jn,paper,NN,paper,26360,,
shakedracor,Jn,127197,127210,_Stage,_Stage,They,PRP,they,26360,,
shakedracor,Jn,127197,127210,_Stage,_Stage,exit,VBP,exit,26360,,
shakedracor,Jn,127197,127210,_Stage,_Stage,.,.,.,26360,,
shakedracor,Jn,127229,127295,_Stage,_Stage,Enter,VB,enter,26360,,
shakedracor,Jn,127229,127295,_Stage,_Stage,Arthur,NNP,arthur,26360,,
shakedracor,Jn,127229,127295,_Stage,_Stage,on,IN,on,26360,,
shakedracor,Jn,127229,127295,_Stage,_Stage,the,DT,the,26360,,
shakedracor,Jn,127229,127295,_Stage,_Stage,walls,NNS,wall,26360,,
shakedracor,Jn,127229,127295,_Stage,_Stage,",",",",",",26360,,
shakedracor,Jn,127229,127295,_Stage,_Stage,dressed,VBN,dress,26360,,
shakedracor,Jn,127229,127295,_Stage,_Stage,as,IN,as,26360,,
shakedracor,Jn,127229,127295,_Stage,_Stage,a,DT,a,26360,,
shakedracor,Jn,127229,127295,_Stage,_Stage,shipboy,NN,shipboy,26360,,
shakedracor,Jn,127229,127295,_Stage,_Stage,.,.,.,26360,,
shakedracor,Jn,127809,127821,Arthur,Arthur_Jn,He,PRP,he,26360,,
shakedracor,Jn,127809,127821,Arthur,Arthur_Jn,jumps,VBZ,jump,26360,,
shakedracor,Jn,127809,127821,Arthur,Arthur_Jn,.,.,.,26360,,
shakedracor,Jn,127960,127971,_Stage,_Stage,He,PRP,he,26360,,
shakedracor,Jn,127960,127971,_Stage,_Stage,dies,VBZ,die,26360,,
shakedracor,Jn,127960,127971,_Stage,_Stage,.,.,.,26360,,
shakedracor,Jn,127974,128042,_Stage,_Stage,Enter,VB,enter,26360,,
shakedracor,Jn,127974,128042,_Stage,_Stage,Pembroke,NNP,pembroke,26360,,
shakedracor,Jn,127974,128042,_Stage,_Stage,",",",",",",26360,,
shakedracor,Jn,127974,128042,_Stage,_Stage,Salisbury,NNP,salisbury,26360,,
shakedracor,Jn,127974,128042,_Stage,_Stage,with,IN,with,26360,,
shakedracor,Jn,127974,128042,_Stage,_Stage,a,DT,a,26360,,
shakedracor,Jn,127974,128042,_Stage,_Stage,letter,NN,letter,26360,,
shakedracor,Jn,127974,128042,_Stage,_Stage,",",",",",",26360,,
shakedracor,Jn,127974,128042,_Stage,_Stage,and,CC,and,26360,,
shakedracor,Jn,127974,128042,_Stage,_Stage,Bigot,NNP,bigot,26360,,
shakedracor,Jn,127974,128042,_Stage,_Stage,.,.,.,26360,,
shakedracor,Jn,128721,128738,_Stage,_Stage,Enter,VB,enter,26360,,
shakedracor,Jn,128721,128738,_Stage,_Stage,Bastard,NNP,bastard,26360,,
shakedracor,Jn,128721,128738,_Stage,_Stage,.,.,.,26360,,
shakedracor,Jn,129699,129728,Earl of Salisbury,Salisbury_Jn,He,PRP,he,26360,,
shakedracor,Jn,129699,129728,Earl of Salisbury,Salisbury_Jn,sees,VBZ,see,26360,,
shakedracor,Jn,129699,129728,Earl of Salisbury,Salisbury_Jn,Arthur,NNP,arthur,26360,,
shakedracor,Jn,129699,129728,Earl of Salisbury,Salisbury_Jn,’,NNP,’,26360,,
shakedracor,Jn,129699,129728,Earl of Salisbury,Salisbury_Jn,s,NN,s,26360,,
shakedracor,Jn,129699,129728,Earl of Salisbury,Salisbury_Jn,body,NN,body,26360,,
shakedracor,Jn,129699,129728,Earl of Salisbury,Salisbury_Jn,.,.,.,26360,,
shakedracor,Jn,130194,130210,Earl of Salisbury,Salisbury_Jn,",",",",",",26360,,
shakedracor,Jn,130194,130210,Earl of Salisbury,Salisbury_Jn,to,TO,to,26360,,
shakedracor,Jn,130194,130210,Earl of Salisbury,Salisbury_Jn,Bastard,NNP,bastard,26360,,
shakedracor,Jn,131720,131733,Earl of Salisbury,Salisbury_Jn,He,PRP,he,26360,,
shakedracor,Jn,131720,131733,Earl of Salisbury,Salisbury_Jn,kneels,VBZ,kneel,26360,,
shakedracor,Jn,131720,131733,Earl of Salisbury,Salisbury_Jn,.,.,.,26360,,
shakedracor,Jn,132141,132153,Earl of Pembroke,Pembroke_Jn,",",",",",",26360,,
shakedracor,Jn,132141,132153,Earl of Pembroke,Pembroke_Jn,kneeling,VBG,kneel,26360,,
shakedracor,Jn,132141,132153,Lord Bigot,Bigot_Jn,",",",",",",26360,,
shakedracor,Jn,132141,132153,Lord Bigot,Bigot_Jn,kneeling,VBG,kneel,26360,,
shakedracor,Jn,132213,132226,_Stage,_Stage,They,PRP,they,26360,,
shakedracor,Jn,132213,132226,_Stage,_Stage,rise,VBP,rise,26360,,
shakedracor,Jn,132213,132226,_Stage,_Stage,.,.,.,26360,,
shakedracor,Jn,132229,132245,_Stage,_Stage,Enter,VB,enter,26360,,
shakedracor,Jn,132229,132245,_Stage,_Stage,Hubert,NNP,hubert,26360,,
shakedracor,Jn,132229,132245,_Stage,_Stage,.,.,.,26360,,
shakedracor,Jn,132584,132609,Earl of Salisbury,Salisbury_Jn,",",",",",",26360,,
shakedracor,Jn,132584,132609,Earl of Salisbury,Salisbury_Jn,drawing,VBG,draw,26360,,
shakedracor,Jn,132584,132609,Earl of Salisbury,Salisbury_Jn,his,PRP$,his,26360,,
shakedracor,Jn,132584,132609,Earl of Salisbury,Salisbury_Jn,sword,NN,sword,26360,,
shakedracor,Jn,132954,132997,Hubert,Hubert_Jn,He,PRP,he,26360,,
shakedracor,Jn,132954,132997,Hubert,Hubert_Jn,puts,VBZ,put,26360,,
shakedracor,Jn,132954,132997,Hubert,Hubert_Jn,his,PRP$,his,26360,,
shakedracor,Jn,132954,132997,Hubert,Hubert_Jn,hand,NN,hand,26360,,
shakedracor,Jn,132954,132997,Hubert,Hubert_Jn,on,IN,on,26360,,
shakedracor,Jn,132954,132997,Hubert,Hubert_Jn,his,PRP$,his,26360,,
shakedracor,Jn,132954,132997,Hubert,Hubert_Jn,sword,NN,sword,26360,,
shakedracor,Jn,132954,132997,Hubert,Hubert_Jn,.,.,.,26360,,
shakedracor,Jn,133677,133702,Earl of Pembroke,Pembroke_Jn,",",",",",",26360,,
shakedracor,Jn,133677,133702,Earl of Pembroke,Pembroke_Jn,drawing,VBG,draw,26360,,
shakedracor,Jn,133677,133702,Earl of Pembroke,Pembroke_Jn,his,PRP$,his,26360,,
shakedracor,Jn,133677,133702,Earl of Pembroke,Pembroke_Jn,sword,NN,sword,26360,,
shakedracor,Jn,133747,133772,Bastard Philip Faulconbridge,Bastard_Jn,",",",",",",26360,,
shakedracor,Jn,133747,133772,Bastard Philip Faulconbridge,Bastard_Jn,drawing,VBG,draw,26360,,
shakedracor,Jn,133747,133772,Bastard Philip Faulconbridge,Bastard_Jn,his,PRP$,his,26360,,
shakedracor,Jn,133747,133772,Bastard Philip Faulconbridge,Bastard_Jn,sword,NN,sword,26360,,
shakedracor,Jn,134710,134722,_Stage,_Stage,He,PRP,he,26360,,
shakedracor,Jn,134710,134722,_Stage,_Stage,weeps,VBZ,weep,26360,,
shakedracor,Jn,134710,134722,_Stage,_Stage,.,.,.,26360,,
shakedracor,Jn,135298,135312,_Stage,_Stage,Lords,NNPS,lord,26360,,
shakedracor,Jn,135298,135312,_Stage,_Stage,exit,VBP,exit,26360,,
shakedracor,Jn,135298,135312,_Stage,_Stage,.,.,.,26360,,
shakedracor,Jn,136992,137031,Bastard Philip Faulconbridge,Bastard_Jn,Hubert,NNP,hubert,26360,,
shakedracor,Jn,136992,137031,Bastard Philip Faulconbridge,Bastard_Jn,takes,VBZ,take,26360,,
shakedracor,Jn,136992,137031,Bastard Philip Faulconbridge,Bastard_Jn,up,RP,up,26360,,
shakedracor,Jn,136992,137031,Bastard Philip Faulconbridge,Bastard_Jn,Arthur,NNP,arthur,26360,,
shakedracor,Jn,136992,137031,Bastard Philip Faulconbridge,Bastard_Jn,’,NNP,’,26360,,
shakedracor,Jn,136992,137031,Bastard Philip Faulconbridge,Bastard_Jn,s,NN,s,26360,,
shakedracor,Jn,136992,137031,Bastard Philip Faulconbridge,Bastard_Jn,body,NN,body,26360,,
shakedracor,Jn,136992,137031,Bastard Philip Faulconbridge,Bastard_Jn,.,.,.,26360,,
shakedracor,Jn,138119,138179,_Stage,_Stage,They,PRP,they,26360,,
shakedracor,Jn,138119,138179,_Stage,_Stage,exit,VBP,exit,26360,,
shakedracor,Jn,138119,138179,_Stage,_Stage,",",",",",",26360,,
shakedracor,Jn,138119,138179,_Stage,_Stage,with,IN,with,26360,,
shakedracor,Jn,138119,138179,_Stage,_Stage,Hubert,NNP,hubert,26360,,
shakedracor,Jn,138119,138179,_Stage,_Stage,carrying,VBG,carry,26360,,
shakedracor,Jn,138119,138179,_Stage,_Stage,Arthur,NNP,arthur,26360,,
shakedracor,Jn,138119,138179,_Stage,_Stage,’,NNP,’,26360,,
shakedracor,Jn,138119,138179,_Stage,_Stage,s,NN,s,26360,,
shakedracor,Jn,138119,138179,_Stage,_Stage,body,NN,body,26360,,
shakedracor,Jn,138119,138179,_Stage,_Stage,.,.,.,26360,,
shakedracor,Jn,138212,138300,_Stage,_Stage,Enter,VB,enter,26360,,
shakedracor,Jn,138212,138300,_Stage,_Stage,King,NNP,king,26360,,
shakedracor,Jn,138212,138300,_Stage,_Stage,John,NNP,john,26360,,
shakedracor,Jn,138212,138300,_Stage,_Stage,and,CC,and,26360,,
shakedracor,Jn,138212,138300,_Stage,_Stage,Pandulph,NNP,pandulph,26360,,
shakedracor,Jn,138212,138300,_Stage,_Stage,with,IN,with,26360,,
shakedracor,Jn,138212,138300,_Stage,_Stage,the,DT,the,26360,,
shakedracor,Jn,138212,138300,_Stage,_Stage,crown,NN,crown,26360,,
shakedracor,Jn,138212,138300,_Stage,_Stage,",",",",",",26360,,
shakedracor,Jn,138212,138300,_Stage,_Stage,and,CC,and,26360,,
shakedracor,Jn,138212,138300,_Stage,_Stage,their,PRP$,their,26360,,
shakedracor,Jn,138212,138300,_Stage,_Stage,Attendants,NNS,attendant,26360,,
shakedracor,Jn,138212,138300,_Stage,_Stage,.,.,.,26360,,
shakedracor,Jn,138423,138455,Cardinal Pandulph,Pandulph_Jn,",",",",",",26360,,
shakedracor,Jn,138423,138455,Cardinal Pandulph,Pandulph_Jn,handing,VBG,hand,26360,,
shakedracor,Jn,138423,138455,Cardinal Pandulph,Pandulph_Jn,John,NNP,john,26360,,
shakedracor,Jn,138423,138455,Cardinal Pandulph,Pandulph_Jn,the,DT,the,26360,,
shakedracor,Jn,138423,138455,Cardinal Pandulph,Pandulph_Jn,crown,NN,crown,26360,,
shakedracor,Jn,139758,139792,_Stage,_Stage,He,PRP,he,26360,,
shakedracor,Jn,139758,139792,_Stage,_Stage,exits,NNS,exit,26360,,
shakedracor,Jn,139758,139792,_Stage,_Stage,",",",",",",26360,,
shakedracor,Jn,139758,139792,_Stage,_Stage,with,IN,with,26360,,
shakedracor,Jn,139758,139792,_Stage,_Stage,Attendants,NNS,attendant,26360,,
shakedracor,Jn,139758,139792,_Stage,_Stage,.,.,.,26360,,
shakedracor,Jn,140115,140132,_Stage,_Stage,Enter,VB,enter,26360,,
shakedracor,Jn,140115,140132,_Stage,_Stage,Bastard,NNP,bastard,26360,,
shakedracor,Jn,140115,140132,_Stage,_Stage,.,.,.,26360,,
shakedracor,Jn,143173,143184,Bastard Philip Faulconbridge,Bastard_Jn,(,-LRB-,-lrb-,26360,,
shakedracor,Jn,143173,143184,Bastard Philip Faulconbridge,Bastard_Jn,Aside,RB,aside,26360,,
shakedracor,Jn,143173,143184,Bastard Philip Faulconbridge,Bastard_Jn,.,.,.,26360,,
shakedracor,Jn,143173,143184,Bastard Philip Faulconbridge,Bastard_Jn,),-RRB-,-rrb-,26360,,
shakedracor,Jn,143265,143278,_Stage,_Stage,They,PRP,they,26360,,
shakedracor,Jn,143265,143278,_Stage,_Stage,exit,VBP,exit,26360,,
shakedracor,Jn,143265,143278,_Stage,_Stage,.,.,.,26360,,
shakedracor,Jn,143297,143433,_Stage,_Stage,Enter,VB,enter,26360,,
shakedracor,Jn,143297,143433,_Stage,_Stage,",",",",",",26360,,
shakedracor,Jn,143297,143433,_Stage,_Stage,in,IN,in,26360,,
shakedracor,Jn,143297,143433,_Stage,_Stage,arms,NNS,arms,26360,,
shakedracor,Jn,143297,143433,_Stage,_Stage,",",",",",",26360,,
shakedracor,Jn,143297,143433,_Stage,_Stage,Louis,NNP,louis,26360,,
shakedracor,Jn,143297,143433,_Stage,_Stage,the,DT,the,26360,,
shakedracor,Jn,143297,143433,_Stage,_Stage,Dauphin,NNP,dauphin,26360,,
shakedracor,Jn,143297,143433,_Stage,_Stage,",",",",",",26360,,
shakedracor,Jn,143297,143433,_Stage,_Stage,Salisbury,NNP,salisbury,26360,,
shakedracor,Jn,143297,143433,_Stage,_Stage,",",",",",",26360,,
shakedracor,Jn,143297,143433,_Stage,_Stage,Melun,NNP,melun,26360,,
shakedracor,Jn,143297,143433,_Stage,_Stage,",",",",",",26360,,
shakedracor,Jn,143297,143433,_Stage,_Stage,Pembroke,NNP,pembroke,26360,,
shakedracor,Jn,143297,143433,_Stage,_Stage,",",",",",",26360,,
shakedracor,Jn,143297,143433,_Stage,_Stage,Bigot,NNP,bigot,26360,,
shakedracor,Jn,143297,143433,_Stage,_Stage,",",",",",",26360,,
shakedracor,Jn,143297,143433,_Stage,_Stage,and,CC,and,26360,,
shakedracor,Jn,143297,143433,_Stage,_Stage,French,JJ,french,26360,,
shakedracor,Jn,143297,143433,_Stage,_Stage,and,CC,and,26360,,
shakedracor,Jn,143297,143433,_Stage,_Stage,English,JJ,english,26360,,
shakedracor,Jn,143297,143433,_Stage,_Stage,Soldiers,NNS,soldier,26360,,
shakedracor,Jn,143297,143433,_Stage,_Stage,.,.,.,26360,,
shakedracor,Jn,143447,143483,Louis the Dauphin,Dauphin_Jn,",",",",",",26360,,
shakedracor,Jn,143447,143483,Louis the Dauphin,Dauphin_Jn,handing,VBG,hand,26360,,
shakedracor,Jn,143447,143483,Louis the Dauphin,Dauphin_Jn,a,DT,a,26360,,
shakedracor,Jn,143447,143483,Louis the Dauphin,Dauphin_Jn,paper,NN,paper,26360,,
shakedracor,Jn,143447,143483,Louis the Dauphin,Dauphin_Jn,to,TO,to,26360,,
shakedracor,Jn,143447,143483,Louis the Dauphin,Dauphin_Jn,Melun,NNP,melun,26360,,
shakedracor,Jn,145749,145761,_Stage,_Stage,He,PRP,he,26360,,
shakedracor,Jn,145749,145761,_Stage,_Stage,weeps,VBZ,weep,26360,,
shakedracor,Jn,145749,145761,_Stage,_Stage,.,.,.,26360,,
shakedracor,Jn,147226,147244,Louis the Dauphin,Dauphin_Jn,Enter,VB,enter,26360,,
shakedracor,Jn,147226,147244,Louis the Dauphin,Dauphin_Jn,Pandulph,NNP,pandulph,26360,,
shakedracor,Jn,147226,147244,Louis the Dauphin,Dauphin_Jn,.,.,.,26360,,
shakedracor,Jn,150418,150440,Louis the Dauphin,Dauphin_Jn,A,DT,a,26360,,
shakedracor,Jn,150418,150440,Louis the Dauphin,Dauphin_Jn,trumpet,NN,trumpet,26360,,
shakedracor,Jn,150418,150440,Louis the Dauphin,Dauphin_Jn,sounds,VBZ,sound,26360,,
shakedracor,Jn,150418,150440,Louis the Dauphin,Dauphin_Jn,.,.,.,26360,,
shakedracor,Jn,150418,150440,Louis the Dauphin,Dauphin_Jn,A,DT,a,26360,,
shakedracor,Jn,150418,150440,Louis the Dauphin,Dauphin_Jn,trumpet,NN,trumpet,26360,,
shakedracor,Jn,150418,150440,Louis the Dauphin,Dauphin_Jn,sounds,VBZ,sound,26360,,
shakedracor,Jn,150418,150440,Louis the Dauphin,Dauphin_Jn,.,.,.,26360,,
shakedracor,Jn,150502,150519,_Stage,_Stage,Enter,VB,enter,26360,,
shakedracor,Jn,150502,150519,_Stage,_Stage,Bastard,NNP,bastard,26360,,
shakedracor,Jn,150502,150519,_Stage,_Stage,.,.,.,26360,,
shakedracor,Jn,154506,154519,_Stage,_Stage,They,PRP,they,26360,,
shakedracor,Jn,154506,154519,_Stage,_Stage,exit,VBP,exit,26360,,
shakedracor,Jn,154506,154519,_Stage,_Stage,.,.,.,26360,,
shakedracor,Jn,154539,154588,_Stage,_Stage,Alarums,NNS,alarums,26360,,
shakedracor,Jn,154539,154588,_Stage,_Stage,.,.,.,26360,,
shakedracor,Jn,154539,154588,_Stage,_Stage,Enter,VB,enter,26360,,
shakedracor,Jn,154539,154588,_Stage,_Stage,King,NNP,king,26360,,
shakedracor,Jn,154539,154588,_Stage,_Stage,John,NNP,john,26360,,
shakedracor,Jn,154539,154588,_Stage,_Stage,and,CC,and,26360,,
shakedracor,Jn,154539,154588,_Stage,_Stage,Hubert,NNP,hubert,26360,,
shakedracor,Jn,154539,154588,_Stage,_Stage,.,.,.,26360,,
shakedracor,Jn,154539,154548,_Stage,_Stage,Alarums,NNS,alarums,26360,,
shakedracor,Jn,154539,154548,_Stage,_Stage,.,.,.,26360,,
shakedracor,Jn,154884,154907,_Stage,_Stage,Enter,VB,enter,26360,,
shakedracor,Jn,154884,154907,_Stage,_Stage,a,DT,a,26360,,
shakedracor,Jn,154884,154907,_Stage,_Stage,Messenger,NN,messenger,26360,,
shakedracor,Jn,154884,154907,_Stage,_Stage,.,.,.,26360,,
shakedracor,Jn,155771,155784,_Stage,_Stage,They,PRP,they,26360,,
shakedracor,Jn,155771,155784,_Stage,_Stage,exit,VBP,exit,26360,,
shakedracor,Jn,155771,155784,_Stage,_Stage,.,.,.,26360,,
shakedracor,Jn,155803,155851,_Stage,_Stage,Enter,VB,enter,26360,,
shakedracor,Jn,155803,155851,_Stage,_Stage,Salisbury,NNP,salisbury,26360,,
shakedracor,Jn,155803,155851,_Stage,_Stage,",",",",",",26360,,
shakedracor,Jn,155803,155851,_Stage,_Stage,Pembroke,NNP,pembroke,26360,,
shakedracor,Jn,155803,155851,_Stage,_Stage,",",",",",",26360,,
shakedracor,Jn,155803,155851,_Stage,_Stage,and,CC,and,26360,,
shakedracor,Jn,155803,155851,_Stage,_Stage,Bigot,NNP,bigot,26360,,
shakedracor,Jn,155803,155851,_Stage,_Stage,.,.,.,26360,,
shakedracor,Jn,156280,156334,_Stage,_Stage,Enter,VB,enter,26360,,
shakedracor,Jn,156280,156334,_Stage,_Stage,Melun,NNP,melun,26360,,
shakedracor,Jn,156280,156334,_Stage,_Stage,",",",",",",26360,,
shakedracor,Jn,156280,156334,_Stage,_Stage,wounded,VBN,wound,26360,,
shakedracor,Jn,156280,156334,_Stage,_Stage,",",",",",",26360,,
shakedracor,Jn,156280,156334,_Stage,_Stage,led,VBN,lead,26360,,
shakedracor,Jn,156280,156334,_Stage,_Stage,by,IN,by,26360,,
shakedracor,Jn,156280,156334,_Stage,_Stage,a,DT,a,26360,,
shakedracor,Jn,156280,156334,_Stage,_Stage,Soldier,NN,soldier,26360,,
shakedracor,Jn,156280,156334,_Stage,_Stage,.,.,.,26360,,
shakedracor,Jn,159722,159757,_Stage,_Stage,They,PRP,they,26360,,
shakedracor,Jn,159722,159757,_Stage,_Stage,exit,VBP,exit,26360,,
shakedracor,Jn,159722,159757,_Stage,_Stage,",",",",",",26360,,
shakedracor,Jn,159722,159757,_Stage,_Stage,assisting,VBG,assist,26360,,
shakedracor,Jn,159722,159757,_Stage,_Stage,Melun,NNP,melun,26360,,
shakedracor,Jn,159722,159757,_Stage,_Stage,.,.,.,26360,,
shakedracor,Jn,159776,159829,_Stage,_Stage,Enter,VB,enter,26360,,
shakedracor,Jn,159776,159829,_Stage,_Stage,Louis,NNP,louis,26360,,
shakedracor,Jn,159776,159829,_Stage,_Stage,",",",",",",26360,,
shakedracor,Jn,159776,159829,_Stage,_Stage,the,DT,the,26360,,
shakedracor,Jn,159776,159829,_Stage,_Stage,Dauphin,NNP,dauphin,26360,,
shakedracor,Jn,159776,159829,_Stage,_Stage,and,CC,and,26360,,
shakedracor,Jn,159776,159829,_Stage,_Stage,his,PRP$,his,26360,,
shakedracor,Jn,159776,159829,_Stage,_Stage,train,NN,train,26360,,
shakedracor,Jn,159776,159829,_Stage,_Stage,.,.,.,26360,,
shakedracor,Jn,160343,160366,_Stage,_Stage,Enter,VB,enter,26360,,
shakedracor,Jn,160343,160366,_Stage,_Stage,a,DT,a,26360,,
shakedracor,Jn,160343,160366,_Stage,_Stage,Messenger,NN,messenger,26360,,
shakedracor,Jn,160343,160366,_Stage,_Stage,.,.,.,26360,,
shakedracor,Jn,161328,161341,_Stage,_Stage,They,PRP,they,26360,,
shakedracor,Jn,161328,161341,_Stage,_Stage,exit,VBP,exit,26360,,
shakedracor,Jn,161328,161341,_Stage,_Stage,.,.,.,26360,,
shakedracor,Jn,161360,161406,_Stage,_Stage,Enter,VB,enter,26360,,
shakedracor,Jn,161360,161406,_Stage,_Stage,Bastard,NNP,bastard,26360,,
shakedracor,Jn,161360,161406,_Stage,_Stage,and,CC,and,26360,,
shakedracor,Jn,161360,161406,_Stage,_Stage,Hubert,NNP,hubert,26360,,
shakedracor,Jn,161360,161406,_Stage,_Stage,",",",",",",26360,,
shakedracor,Jn,161360,161406,_Stage,_Stage,severally,RB,severally,26360,,
shakedracor,Jn,161360,161406,_Stage,_Stage,.,.,.,26360,,
shakedracor,Jn,164370,164383,_Stage,_Stage,They,PRP,they,26360,,
shakedracor,Jn,164370,164383,_Stage,_Stage,exit,VBP,exit,26360,,
shakedracor,Jn,164370,164383,_Stage,_Stage,.,.,.,26360,,
shakedracor,Jn,164402,164456,_Stage,_Stage,Enter,VB,enter,26360,,
shakedracor,Jn,164402,164456,_Stage,_Stage,Prince,NNP,prince,26360,,
shakedracor,Jn,164402,164456,_Stage,_Stage,Henry,NNP,henry,26360,,
shakedracor,Jn,164402,164456,_Stage,_Stage,",",",",",",26360,,
shakedracor,Jn,164402,164456,_Stage,_Stage,Salisbury,NNP,salisbury,26360,,
shakedracor,Jn,164402,164456,_Stage,_Stage,",",",",",",26360,,
shakedracor,Jn,164402,164456,_Stage,_Stage,and,CC,and,26360,,
shakedracor,Jn,164402,164456,_Stage,_Stage,Bigot,NNP,bigot,26360,,
shakedracor,Jn,164402,164456,_Stage,_Stage,.,.,.,26360,,
shakedracor,Jn,164779,164797,_Stage,_Stage,Enter,VB,enter,26360,,
shakedracor,Jn,164779,164797,_Stage,_Stage,Pembroke,NNP,pembroke,26360,,
shakedracor,Jn,164779,164797,_Stage,_Stage,.,.,.,26360,,
shakedracor,Jn,165113,165128,Prince Henry,PrinceHenry_Jn,Bigot,NN,bigot,26360,,
shakedracor,Jn,165113,165128,Prince Henry,PrinceHenry_Jn,exits,NNS,exit,26360,,
shakedracor,Jn,165113,165128,Prince Henry,PrinceHenry_Jn,.,.,.,26360,,
shakedracor,Jn,166232,166286,_Stage,_Stage,King,NNP,king,26360,,
shakedracor,Jn,166232,166286,_Stage,_Stage,John,NNP,john,26360,,
shakedracor,Jn,166232,166286,_Stage,_Stage,brought,VBD,bring,26360,,
shakedracor,Jn,166232,166286,_Stage,_Stage,in,RP,in,26360,,
shakedracor,Jn,166232,166286,_Stage,_Stage,",",",",",",26360,,
shakedracor,Jn,166232,166286,_Stage,_Stage,attended,VBN,attend,26360,,
shakedracor,Jn,166232,166286,_Stage,_Stage,by,IN,by,26360,,
shakedracor,Jn,166232,166286,_Stage,_Stage,Bigot,NNP,bigot,26360,,
shakedracor,Jn,166232,166286,_Stage,_Stage,.,.,.,26360,,
shakedracor,Jn,167644,167661,_Stage,_Stage,Enter,VB,enter,26360,,
shakedracor,Jn,167644,167661,_Stage,_Stage,Bastard,NNP,bastard,26360,,
shakedracor,Jn,167644,167661,_Stage,_Stage,.,.,.,26360,,
shakedracor,Jn,168632,168652,_Stage,_Stage,King,NNP,king,26360,,
shakedracor,Jn,168632,168652,_Stage,_Stage,John,NNP,john,26360,,
shakedracor,Jn,168632,168652,_Stage,_Stage,dies,VBZ,die,26360,,
shakedracor,Jn,168632,168652,_Stage,_Stage,.,.,.,26360,,
shakedracor,Jn,171259,171272,_Stage,_Stage,He,PRP,he,26360,,
shakedracor,Jn,171259,171272,_Stage,_Stage,kneels,VBZ,kneel,26360,,
shakedracor,Jn,171259,171272,_Stage,_Stage,.,.,.,26360,,
shakedracor,Jn,171399,171447,_Stage,_Stage,Salisbury,NNP,salisbury,26360,,
shakedracor,Jn,171399,171447,_Stage,_Stage,",",",",",",26360,,
shakedracor,Jn,171399,171447,_Stage,_Stage,Pembroke,NNP,pembroke,26360,,
shakedracor,Jn,171399,171447,_Stage,_Stage,",",",",",",26360,,
shakedracor,Jn,171399,171447,_Stage,_Stage,and,CC,and,26360,,
shakedracor,Jn,171399,171447,_Stage,_Stage,Bigot,FW,bigot,26360,,
shakedracor,Jn,171399,171447,_Stage,_Stage,kneel,FW,kneel,26360,,
shakedracor,Jn,171399,171447,_Stage,_Stage,.,.,.,26360,,
shakedracor,Jn,171602,171615,_Stage,_Stage,They,PRP,they,26360,,
shakedracor,Jn,171602,171615,_Stage,_Stage,rise,VBP,rise,26360,,
shakedracor,Jn,171602,171615,_Stage,_Stage,.,.,.,26360,,
shakedracor,Jn,172184,172241,_Stage,_Stage,They,PRP,they,26360,,
shakedracor,Jn,172184,172241,_Stage,_Stage,exit,VBP,exit,26360,,
shakedracor,Jn,172184,172241,_Stage,_Stage,",",",",",",26360,,
shakedracor,Jn,172184,172241,_Stage,_Stage,bearing,VBG,bear,26360,,
shakedracor,Jn,172184,172241,_Stage,_Stage,the,DT,the,26360,,
shakedracor,Jn,172184,172241,_Stage,_Stage,body,NN,body,26360,,
shakedracor,Jn,172184,172241,_Stage,_Stage,of,IN,of,26360,,
shakedracor,Jn,172184,172241,_Stage,_Stage,King,NNP,king,26360,,
shakedracor,Jn,172184,172241,_Stage,_Stage,John,NNP,john,26360,,
shakedracor,Jn,172184,172241,_Stage,_Stage,.,.,.,26360,,
